plan_no	subject_plan	plan_description	section	note_title	note_subject	domain_context	status	applicable_programs	curation_status
1	🏛️ History and Theory of Architecture	Trace the development of architecture from ancient civilizations to contemporary and Philippine architecture while mastering the theories, principles, and human factors that shape architectural design.	Foundations of Architectural History	Origins and Development of Architecture	History of Architecture	(unset)	New	Architecture, Interior Design	CONTEXT_GAP
1	🏛️ History and Theory of Architecture	Trace the development of architecture from ancient civilizations to contemporary and Philippine architecture while mastering the theories, principles, and human factors that shape architectural design.	Foundations of Architectural History	Factors Influencing Architectural Styles	History of Architecture	(unset)	New	Architecture, Interior Design	CONTEXT_GAP
1	🏛️ History and Theory of Architecture	Trace the development of architecture from ancient civilizations to contemporary and Philippine architecture while mastering the theories, principles, and human factors that shape architectural design.	Foundations of Architectural History	Prehistoric Architecture	History of Architecture	(unset)	New	Architecture, Interior Design	CONTEXT_GAP
1	🏛️ History and Theory of Architecture	Trace the development of architecture from ancient civilizations to contemporary and Philippine architecture while mastering the theories, principles, and human factors that shape architectural design.	Foundations of Architectural History	Architectural Style Analysis and Identification	History of Architecture	(unset)	New	Architecture	UNSET_VALID
1	🏛️ History and Theory of Architecture	Trace the development of architecture from ancient civilizations to contemporary and Philippine architecture while mastering the theories, principles, and human factors that shape architectural design.	Ancient Architecture	Egyptian Architecture	History of Architecture	(unset)	New	Architecture, Interior Design	CONTEXT_GAP
1	🏛️ History and Theory of Architecture	Trace the development of architecture from ancient civilizations to contemporary and Philippine architecture while mastering the theories, principles, and human factors that shape architectural design.	Ancient Architecture	West Asiatic and Mesopotamian Architecture	History of Architecture	(unset)	New	Architecture, Interior Design	CONTEXT_GAP
1	🏛️ History and Theory of Architecture	Trace the development of architecture from ancient civilizations to contemporary and Philippine architecture while mastering the theories, principles, and human factors that shape architectural design.	Ancient Architecture	Greek Architecture	History of Architecture	(unset)	Existing	Architecture, Interior Design	CONTEXT_GAP
1	🏛️ History and Theory of Architecture	Trace the development of architecture from ancient civilizations to contemporary and Philippine architecture while mastering the theories, principles, and human factors that shape architectural design.	Ancient Architecture	Roman Architecture	History of Architecture	(unset)	Existing	Architecture, Interior Design	CONTEXT_GAP
1	🏛️ History and Theory of Architecture	Trace the development of architecture from ancient civilizations to contemporary and Philippine architecture while mastering the theories, principles, and human factors that shape architectural design.	Medieval Architecture	Early Christian Architecture	History of Architecture	(unset)	New	Architecture, Interior Design	CONTEXT_GAP
1	🏛️ History and Theory of Architecture	Trace the development of architecture from ancient civilizations to contemporary and Philippine architecture while mastering the theories, principles, and human factors that shape architectural design.	Medieval Architecture	Byzantine Architecture	History of Architecture	(unset)	New	Architecture, Interior Design	CONTEXT_GAP
1	🏛️ History and Theory of Architecture	Trace the development of architecture from ancient civilizations to contemporary and Philippine architecture while mastering the theories, principles, and human factors that shape architectural design.	Medieval Architecture	Romanesque Architecture	History of Architecture	(unset)	New	Architecture, Interior Design	CONTEXT_GAP
1	🏛️ History and Theory of Architecture	Trace the development of architecture from ancient civilizations to contemporary and Philippine architecture while mastering the theories, principles, and human factors that shape architectural design.	Medieval Architecture	Gothic Architecture	History of Architecture	(unset)	Existing	Architecture, Interior Design	CONTEXT_GAP
1	🏛️ History and Theory of Architecture	Trace the development of architecture from ancient civilizations to contemporary and Philippine architecture while mastering the theories, principles, and human factors that shape architectural design.	Renaissance to Contemporary Architecture	Renaissance Architecture	History of Architecture	(unset)	Existing	Architecture, Interior Design	CONTEXT_GAP
1	🏛️ History and Theory of Architecture	Trace the development of architecture from ancient civilizations to contemporary and Philippine architecture while mastering the theories, principles, and human factors that shape architectural design.	Renaissance to Contemporary Architecture	Baroque and Rococo Architecture	History of Architecture	(unset)	New	Architecture, Interior Design	CONTEXT_GAP
1	🏛️ History and Theory of Architecture	Trace the development of architecture from ancient civilizations to contemporary and Philippine architecture while mastering the theories, principles, and human factors that shape architectural design.	Renaissance to Contemporary Architecture	Neoclassical Architecture	History of Architecture	(unset)	New	Architecture, Interior Design	CONTEXT_GAP
1	🏛️ History and Theory of Architecture	Trace the development of architecture from ancient civilizations to contemporary and Philippine architecture while mastering the theories, principles, and human factors that shape architectural design.	Renaissance to Contemporary Architecture	Nineteenth-Century Architecture	History of Architecture	(unset)	New	Architecture, Interior Design	CONTEXT_GAP
1	🏛️ History and Theory of Architecture	Trace the development of architecture from ancient civilizations to contemporary and Philippine architecture while mastering the theories, principles, and human factors that shape architectural design.	Renaissance to Contemporary Architecture	Modern Architecture	History of Architecture	(unset)	Existing	Architecture, Interior Design, Landscape Architecture	CONTEXT_GAP
1	🏛️ History and Theory of Architecture	Trace the development of architecture from ancient civilizations to contemporary and Philippine architecture while mastering the theories, principles, and human factors that shape architectural design.	Renaissance to Contemporary Architecture	Twentieth-Century Architectural Movements	History of Architecture	(unset)	New	Architecture, Interior Design, Landscape Architecture	CONTEXT_GAP
1	🏛️ History and Theory of Architecture	Trace the development of architecture from ancient civilizations to contemporary and Philippine architecture while mastering the theories, principles, and human factors that shape architectural design.	Renaissance to Contemporary Architecture	Contemporary Architecture	History of Architecture	(unset)	New	Architecture, Interior Design, Landscape Architecture	CONTEXT_GAP
1	🏛️ History and Theory of Architecture	Trace the development of architecture from ancient civilizations to contemporary and Philippine architecture while mastering the theories, principles, and human factors that shape architectural design.	Renaissance to Contemporary Architecture	Evolution of Architectural Styles	History of Architecture	(unset)	Existing	Architecture, Interior Design, Landscape Architecture	CONTEXT_GAP
1	🏛️ History and Theory of Architecture	Trace the development of architecture from ancient civilizations to contemporary and Philippine architecture while mastering the theories, principles, and human factors that shape architectural design.	Asian Architecture	Architecture of South Asia	History of Architecture	(unset)	New	Architecture, Interior Design	CONTEXT_GAP
1	🏛️ History and Theory of Architecture	Trace the development of architecture from ancient civilizations to contemporary and Philippine architecture while mastering the theories, principles, and human factors that shape architectural design.	Asian Architecture	Chinese Architecture	History of Architecture	(unset)	New	Architecture, Interior Design	CONTEXT_GAP
1	🏛️ History and Theory of Architecture	Trace the development of architecture from ancient civilizations to contemporary and Philippine architecture while mastering the theories, principles, and human factors that shape architectural design.	Asian Architecture	Japanese Architecture	History of Architecture	(unset)	New	Architecture, Interior Design	CONTEXT_GAP
1	🏛️ History and Theory of Architecture	Trace the development of architecture from ancient civilizations to contemporary and Philippine architecture while mastering the theories, principles, and human factors that shape architectural design.	Asian Architecture	Southeast Asian Architecture	History of Architecture	(unset)	New	Architecture, Interior Design	CONTEXT_GAP
1	🏛️ History and Theory of Architecture	Trace the development of architecture from ancient civilizations to contemporary and Philippine architecture while mastering the theories, principles, and human factors that shape architectural design.	Philippine Architecture	Pre-Colonial Philippine Architecture	History of Architecture	(unset)	New	Architecture, Interior Design	CONTEXT_GAP
1	🏛️ History and Theory of Architecture	Trace the development of architecture from ancient civilizations to contemporary and Philippine architecture while mastering the theories, principles, and human factors that shape architectural design.	Philippine Architecture	Spanish Colonial Architecture in the Philippines	History of Architecture	(unset)	New	Architecture, Interior Design	CONTEXT_GAP
1	🏛️ History and Theory of Architecture	Trace the development of architecture from ancient civilizations to contemporary and Philippine architecture while mastering the theories, principles, and human factors that shape architectural design.	Philippine Architecture	American Colonial Architecture in the Philippines	History of Architecture	(unset)	New	Architecture, Interior Design	CONTEXT_GAP
1	🏛️ History and Theory of Architecture	Trace the development of architecture from ancient civilizations to contemporary and Philippine architecture while mastering the theories, principles, and human factors that shape architectural design.	Philippine Architecture	Postwar and Modern Philippine Architecture	History of Architecture	(unset)	New	Architecture, Interior Design	CONTEXT_GAP
1	🏛️ History and Theory of Architecture	Trace the development of architecture from ancient civilizations to contemporary and Philippine architecture while mastering the theories, principles, and human factors that shape architectural design.	Philippine Architecture	Contemporary Philippine Architecture	History of Architecture	(unset)	New	Architecture, Interior Design	CONTEXT_GAP
1	🏛️ History and Theory of Architecture	Trace the development of architecture from ancient civilizations to contemporary and Philippine architecture while mastering the theories, principles, and human factors that shape architectural design.	Philippine Architecture	Filipino Architects and Their Major Works	History of Architecture	(unset)	New	Architecture	UNSET_VALID
1	🏛️ History and Theory of Architecture	Trace the development of architecture from ancient civilizations to contemporary and Philippine architecture while mastering the theories, principles, and human factors that shape architectural design.	Heritage Conservation	Architectural Heritage Conservation	Architectural Conservation	(unset)	New	Architecture, Interior Design	CONTEXT_GAP
1	🏛️ History and Theory of Architecture	Trace the development of architecture from ancient civilizations to contemporary and Philippine architecture while mastering the theories, principles, and human factors that shape architectural design.	Heritage Conservation	Architectural Preservation and Restoration	Architectural Conservation	(unset)	New	Architecture, Interior Design	CONTEXT_GAP
1	🏛️ History and Theory of Architecture	Trace the development of architecture from ancient civilizations to contemporary and Philippine architecture while mastering the theories, principles, and human factors that shape architectural design.	Heritage Conservation	Adaptive Reuse of Historic Buildings	Architectural Conservation	(unset)	New	Architecture, Interior Design	CONTEXT_GAP
1	🏛️ History and Theory of Architecture	Trace the development of architecture from ancient civilizations to contemporary and Philippine architecture while mastering the theories, principles, and human factors that shape architectural design.	Heritage Conservation	Philippine Heritage Conservation Principles	Architectural Conservation	(unset)	New	Architecture, Interior Design	CONTEXT_GAP
1	🏛️ History and Theory of Architecture	Trace the development of architecture from ancient civilizations to contemporary and Philippine architecture while mastering the theories, principles, and human factors that shape architectural design.	Theory of Architecture	Nature of Architecture as Art and Science	Theory of Architecture	(unset)	New	Architecture	UNSET_VALID
1	🏛️ History and Theory of Architecture	Trace the development of architecture from ancient civilizations to contemporary and Philippine architecture while mastering the theories, principles, and human factors that shape architectural design.	Theory of Architecture	Elements of Architecture	Theory of Architecture	(unset)	New	Architecture, Interior Design	CONTEXT_GAP
1	🏛️ History and Theory of Architecture	Trace the development of architecture from ancient civilizations to contemporary and Philippine architecture while mastering the theories, principles, and human factors that shape architectural design.	Theory of Architecture	Principles of Architectural Composition	Theory of Architecture	(unset)	New	Architecture, Interior Design, Landscape Architecture	CONTEXT_GAP
1	🏛️ History and Theory of Architecture	Trace the development of architecture from ancient civilizations to contemporary and Philippine architecture while mastering the theories, principles, and human factors that shape architectural design.	Theory of Architecture	Form, Space, and Order	Theory of Architecture	(unset)	New	Architecture, Interior Design, Landscape Architecture	CONTEXT_GAP
1	🏛️ History and Theory of Architecture	Trace the development of architecture from ancient civilizations to contemporary and Philippine architecture while mastering the theories, principles, and human factors that shape architectural design.	Theory of Architecture	Architectural Design Processes	Theory of Architecture	(unset)	New	Architecture	UNSET_VALID
1	🏛️ History and Theory of Architecture	Trace the development of architecture from ancient civilizations to contemporary and Philippine architecture while mastering the theories, principles, and human factors that shape architectural design.	Theory of Architecture	Visual Perception in Architecture	Theory of Architecture	(unset)	New	Architecture, Interior Design	CONTEXT_GAP
1	🏛️ History and Theory of Architecture	Trace the development of architecture from ancient civilizations to contemporary and Philippine architecture while mastering the theories, principles, and human factors that shape architectural design.	Theory of Architecture	Psychology of Architectural Space	Theory of Architecture	(unset)	New	Architecture, Interior Design	CONTEXT_GAP
1	🏛️ History and Theory of Architecture	Trace the development of architecture from ancient civilizations to contemporary and Philippine architecture while mastering the theories, principles, and human factors that shape architectural design.	Human Factors in Architecture	Anthropometrics in Architectural Design	Architectural Design	(unset)	New	Architecture, Architectural Engineering, Interior Design	CONTEXT_GAP
1	🏛️ History and Theory of Architecture	Trace the development of architecture from ancient civilizations to contemporary and Philippine architecture while mastering the theories, principles, and human factors that shape architectural design.	Human Factors in Architecture	Ergonomics in Architectural Design	Architectural Design	(unset)	New	Architecture, Architectural Engineering, Interior Design	CONTEXT_GAP
1	🏛️ History and Theory of Architecture	Trace the development of architecture from ancient civilizations to contemporary and Philippine architecture while mastering the theories, principles, and human factors that shape architectural design.	Human Factors in Architecture	Proxemics and Territoriality	Theory of Architecture	(unset)	New	Architecture, Interior Design	CONTEXT_GAP
1	🏛️ History and Theory of Architecture	Trace the development of architecture from ancient civilizations to contemporary and Philippine architecture while mastering the theories, principles, and human factors that shape architectural design.	Human Factors in Architecture	Human Behavior and Spatial Design	Theory of Architecture	(unset)	New	Architecture, Interior Design	CONTEXT_GAP
1	🏛️ History and Theory of Architecture	Trace the development of architecture from ancient civilizations to contemporary and Philippine architecture while mastering the theories, principles, and human factors that shape architectural design.	Human Factors in Architecture	Universal Design Principles in Architecture	Architectural Design	(unset)	Existing	Architecture, Architectural Engineering, Interior Design	CONTEXT_GAP
1	🏛️ History and Theory of Architecture	Trace the development of architecture from ancient civilizations to contemporary and Philippine architecture while mastering the theories, principles, and human factors that shape architectural design.	Tropical and Environmental Architecture	Fundamentals and Principles of Bioclimatic Architecture	Architectural Design	ENGINEERING_SCIENCES	Existing	Architecture, Architectural Engineering	VALID
1	🏛️ History and Theory of Architecture	Trace the development of architecture from ancient civilizations to contemporary and Philippine architecture while mastering the theories, principles, and human factors that shape architectural design.	Tropical and Environmental Architecture	Climate Responsive Design in Architecture	Architectural Design	ENGINEERING_SCIENCES	Existing	Architecture, Architectural Engineering	VALID
1	🏛️ History and Theory of Architecture	Trace the development of architecture from ancient civilizations to contemporary and Philippine architecture while mastering the theories, principles, and human factors that shape architectural design.	Tropical and Environmental Architecture	Passive Cooling Techniques in Architectural Design	Architectural Design	ENGINEERING_SCIENCES	Existing	Architecture, Architectural Engineering	VALID
1	🏛️ History and Theory of Architecture	Trace the development of architecture from ancient civilizations to contemporary and Philippine architecture while mastering the theories, principles, and human factors that shape architectural design.	Tropical and Environmental Architecture	Sustainable Design Strategies in Architecture	Architectural Design	(unset)	Existing	Architecture, Architectural Engineering	CONTEXT_GAP
1	🏛️ History and Theory of Architecture	Trace the development of architecture from ancient civilizations to contemporary and Philippine architecture while mastering the theories, principles, and human factors that shape architectural design.	Tropical and Environmental Architecture	Tropical Architecture Principles	Theory of Architecture	(unset)	New	Architecture, Landscape Architecture	CONTEXT_GAP
1	🏛️ History and Theory of Architecture	Trace the development of architecture from ancient civilizations to contemporary and Philippine architecture while mastering the theories, principles, and human factors that shape architectural design.	Tropical and Environmental Architecture	Tropical Architecture in the Philippines	Theory of Architecture	(unset)	New	Architecture	UNSET_VALID
1	🏛️ History and Theory of Architecture	Trace the development of architecture from ancient civilizations to contemporary and Philippine architecture while mastering the theories, principles, and human factors that shape architectural design.	Masters of Architecture	Major Architects and Their Design Philosophies	History of Architecture	(unset)	New	Architecture, Interior Design, Landscape Architecture	CONTEXT_GAP
1	🏛️ History and Theory of Architecture	Trace the development of architecture from ancient civilizations to contemporary and Philippine architecture while mastering the theories, principles, and human factors that shape architectural design.	Masters of Architecture	Landmark Works of Modern Architecture	History of Architecture	(unset)	New	Architecture, Interior Design, Landscape Architecture	CONTEXT_GAP
1	🏛️ History and Theory of Architecture	Trace the development of architecture from ancient civilizations to contemporary and Philippine architecture while mastering the theories, principles, and human factors that shape architectural design.	Masters of Architecture	Major Contemporary Architectural Movements	History of Architecture	(unset)	New	Architecture, Interior Design, Landscape Architecture	CONTEXT_GAP
2	📐 Architectural Design	Master architectural programming, spatial organization, environmental response, building typologies, and systematic design decision-making required for ALE design problems.	Architectural Programming and Design Process	Design Programming in Architectural Design	Architectural Design	(unset)	Existing	Architecture	UNSET_VALID
2	📐 Architectural Design	Master architectural programming, spatial organization, environmental response, building typologies, and systematic design decision-making required for ALE design problems.	Architectural Programming and Design Process	Architectural Problem Analysis	Architectural Design	(unset)	New	Architecture	UNSET_VALID
2	📐 Architectural Design	Master architectural programming, spatial organization, environmental response, building typologies, and systematic design decision-making required for ALE design problems.	Architectural Programming and Design Process	Architectural Programming Methods	Architectural Design	(unset)	New	Architecture	UNSET_VALID
2	📐 Architectural Design	Master architectural programming, spatial organization, environmental response, building typologies, and systematic design decision-making required for ALE design problems.	Architectural Programming and Design Process	User and Client Requirements Analysis	Architectural Design	(unset)	New	Architecture	UNSET_VALID
2	📐 Architectural Design	Master architectural programming, spatial organization, environmental response, building typologies, and systematic design decision-making required for ALE design problems.	Architectural Programming and Design Process	Functional Relationship Analysis	Architectural Design	(unset)	New	Architecture	UNSET_VALID
2	📐 Architectural Design	Master architectural programming, spatial organization, environmental response, building typologies, and systematic design decision-making required for ALE design problems.	Architectural Programming and Design Process	Adjacency and Bubble Diagrams	Architectural Design	(unset)	New	Architecture	UNSET_VALID
2	📐 Architectural Design	Master architectural programming, spatial organization, environmental response, building typologies, and systematic design decision-making required for ALE design problems.	Architectural Programming and Design Process	Design Concept Development	Architectural Design	(unset)	New	Architecture	UNSET_VALID
2	📐 Architectural Design	Master architectural programming, spatial organization, environmental response, building typologies, and systematic design decision-making required for ALE design problems.	Architectural Programming and Design Process	Architectural Design Methodology	Architectural Design	(unset)	New	Architecture	UNSET_VALID
2	📐 Architectural Design	Master architectural programming, spatial organization, environmental response, building typologies, and systematic design decision-making required for ALE design problems.	Space Planning and Circulation	Space Planning Fundamentals in Architectural Design	Architectural Design	(unset)	Existing	Architecture, Interior Design	CONTEXT_GAP
2	📐 Architectural Design	Master architectural programming, spatial organization, environmental response, building typologies, and systematic design decision-making required for ALE design problems.	Space Planning and Circulation	Space Planning and Human Circulation	Architectural Design	(unset)	Existing	Architecture, Interior Design	CONTEXT_GAP
2	📐 Architectural Design	Master architectural programming, spatial organization, environmental response, building typologies, and systematic design decision-making required for ALE design problems.	Space Planning and Circulation	Spatial Organization Systems	Architectural Design	(unset)	New	Architecture, Interior Design	CONTEXT_GAP
2	📐 Architectural Design	Master architectural programming, spatial organization, environmental response, building typologies, and systematic design decision-making required for ALE design problems.	Space Planning and Circulation	Horizontal Circulation	Architectural Design	(unset)	New	Architecture, Interior Design	CONTEXT_GAP
2	📐 Architectural Design	Master architectural programming, spatial organization, environmental response, building typologies, and systematic design decision-making required for ALE design problems.	Space Planning and Circulation	Vertical Circulation	Architectural Design	(unset)	New	Architecture, Architectural Engineering, Interior Design	CONTEXT_GAP
2	📐 Architectural Design	Master architectural programming, spatial organization, environmental response, building typologies, and systematic design decision-making required for ALE design problems.	Space Planning and Circulation	Entrance and Access Planning	Architectural Design	(unset)	New	Architecture, Interior Design	CONTEXT_GAP
2	📐 Architectural Design	Master architectural programming, spatial organization, environmental response, building typologies, and systematic design decision-making required for ALE design problems.	Space Planning and Circulation	Service and Public Circulation	Architectural Design	(unset)	New	Architecture, Interior Design	CONTEXT_GAP
2	📐 Architectural Design	Master architectural programming, spatial organization, environmental response, building typologies, and systematic design decision-making required for ALE design problems.	Space Planning and Circulation	Space Efficiency and Building Planning	Architectural Design	(unset)	New	Architecture, Architectural Engineering	CONTEXT_GAP
2	📐 Architectural Design	Master architectural programming, spatial organization, environmental response, building typologies, and systematic design decision-making required for ALE design problems.	Environmental Design	Climate Responsive Design in Architecture	Architectural Design	ENGINEERING_SCIENCES	Existing	Architecture, Architectural Engineering	VALID
2	📐 Architectural Design	Master architectural programming, spatial organization, environmental response, building typologies, and systematic design decision-making required for ALE design problems.	Environmental Design	Passive Cooling Techniques in Architectural Design	Architectural Design	ENGINEERING_SCIENCES	Existing	Architecture, Architectural Engineering	VALID
2	📐 Architectural Design	Master architectural programming, spatial organization, environmental response, building typologies, and systematic design decision-making required for ALE design problems.	Environmental Design	Sustainable Design Strategies in Architecture	Architectural Design	(unset)	Existing	Architecture, Architectural Engineering	CONTEXT_GAP
2	📐 Architectural Design	Master architectural programming, spatial organization, environmental response, building typologies, and systematic design decision-making required for ALE design problems.	Environmental Design	Building Orientation in Architectural Design	Architectural Design	ENGINEERING_SCIENCES	Existing	Architecture, Architectural Engineering	VALID
2	📐 Architectural Design	Master architectural programming, spatial organization, environmental response, building typologies, and systematic design decision-making required for ALE design problems.	Residential Architecture	Single-Family Residential Planning	Architectural Design	(unset)	New	Architecture	UNSET_VALID
2	📐 Architectural Design	Master architectural programming, spatial organization, environmental response, building typologies, and systematic design decision-making required for ALE design problems.	Residential Architecture	Multi-Family Residential Planning	Architectural Design	(unset)	New	Architecture	UNSET_VALID
2	📐 Architectural Design	Master architectural programming, spatial organization, environmental response, building typologies, and systematic design decision-making required for ALE design problems.	Residential Architecture	Apartment and Condominium Planning	Architectural Design	(unset)	New	Architecture	UNSET_VALID
2	📐 Architectural Design	Master architectural programming, spatial organization, environmental response, building typologies, and systematic design decision-making required for ALE design problems.	Residential Architecture	Socialized and Affordable Housing Design	Architectural Design	(unset)	New	Architecture	UNSET_VALID
2	📐 Architectural Design	Master architectural programming, spatial organization, environmental response, building typologies, and systematic design decision-making required for ALE design problems.	Residential Architecture	Housing for Special User Groups	Architectural Design	(unset)	New	Architecture	UNSET_VALID
2	📐 Architectural Design	Master architectural programming, spatial organization, environmental response, building typologies, and systematic design decision-making required for ALE design problems.	Residential Architecture	Residential Subdivision Planning	Architectural Design	(unset)	New	Architecture, Landscape Architecture	CONTEXT_GAP
2	📐 Architectural Design	Master architectural programming, spatial organization, environmental response, building typologies, and systematic design decision-making required for ALE design problems.	Commercial and Business Architecture	Office Building Planning	Architectural Design	(unset)	New	Architecture	UNSET_VALID
2	📐 Architectural Design	Master architectural programming, spatial organization, environmental response, building typologies, and systematic design decision-making required for ALE design problems.	Commercial and Business Architecture	Retail and Commercial Building Planning	Architectural Design	(unset)	New	Architecture	UNSET_VALID
2	📐 Architectural Design	Master architectural programming, spatial organization, environmental response, building typologies, and systematic design decision-making required for ALE design problems.	Commercial and Business Architecture	Market Planning and Design	Architectural Design	(unset)	New	Architecture	UNSET_VALID
2	📐 Architectural Design	Master architectural programming, spatial organization, environmental response, building typologies, and systematic design decision-making required for ALE design problems.	Commercial and Business Architecture	Hotel and Hospitality Planning	Architectural Design	(unset)	New	Architecture	UNSET_VALID
2	📐 Architectural Design	Master architectural programming, spatial organization, environmental response, building typologies, and systematic design decision-making required for ALE design problems.	Commercial and Business Architecture	Mixed-Use Building Planning	Architectural Design	(unset)	New	Architecture	UNSET_VALID
2	📐 Architectural Design	Master architectural programming, spatial organization, environmental response, building typologies, and systematic design decision-making required for ALE design problems.	Institutional Architecture	School and Educational Facility Planning	Architectural Design	(unset)	New	Architecture	UNSET_VALID
2	📐 Architectural Design	Master architectural programming, spatial organization, environmental response, building typologies, and systematic design decision-making required for ALE design problems.	Institutional Architecture	Library and Cultural Facility Planning	Architectural Design	(unset)	New	Architecture	UNSET_VALID
2	📐 Architectural Design	Master architectural programming, spatial organization, environmental response, building typologies, and systematic design decision-making required for ALE design problems.	Institutional Architecture	Hospital and Healthcare Facility Planning	Architectural Design	(unset)	New	Architecture	UNSET_VALID
2	📐 Architectural Design	Master architectural programming, spatial organization, environmental response, building typologies, and systematic design decision-making required for ALE design problems.	Institutional Architecture	Government Building Planning	Architectural Design	(unset)	New	Architecture	UNSET_VALID
2	📐 Architectural Design	Master architectural programming, spatial organization, environmental response, building typologies, and systematic design decision-making required for ALE design problems.	Institutional Architecture	Religious Building Planning	Architectural Design	(unset)	New	Architecture	UNSET_VALID
2	📐 Architectural Design	Master architectural programming, spatial organization, environmental response, building typologies, and systematic design decision-making required for ALE design problems.	Recreational and Assembly Architecture	Sports Facility Planning	Architectural Design	(unset)	New	Architecture	UNSET_VALID
2	📐 Architectural Design	Master architectural programming, spatial organization, environmental response, building typologies, and systematic design decision-making required for ALE design problems.	Recreational and Assembly Architecture	Theater and Auditorium Planning	Architectural Design	(unset)	New	Architecture	UNSET_VALID
2	📐 Architectural Design	Master architectural programming, spatial organization, environmental response, building typologies, and systematic design decision-making required for ALE design problems.	Recreational and Assembly Architecture	Recreational Facility Planning	Architectural Design	(unset)	New	Architecture	UNSET_VALID
2	📐 Architectural Design	Master architectural programming, spatial organization, environmental response, building typologies, and systematic design decision-making required for ALE design problems.	Recreational and Assembly Architecture	Parks and Open-Space Design	Architectural Design	(unset)	New	Architecture, Landscape Architecture	CONTEXT_GAP
2	📐 Architectural Design	Master architectural programming, spatial organization, environmental response, building typologies, and systematic design decision-making required for ALE design problems.	Industrial and Specialized Architecture	Industrial Building Planning	Architectural Design	(unset)	New	Architecture	UNSET_VALID
2	📐 Architectural Design	Master architectural programming, spatial organization, environmental response, building typologies, and systematic design decision-making required for ALE design problems.	Industrial and Specialized Architecture	Agricultural Facility Planning	Architectural Design	(unset)	New	Architecture	UNSET_VALID
2	📐 Architectural Design	Master architectural programming, spatial organization, environmental response, building typologies, and systematic design decision-making required for ALE design problems.	Industrial and Specialized Architecture	Transportation Terminal Planning	Architectural Design	(unset)	New	Architecture	UNSET_VALID
2	📐 Architectural Design	Master architectural programming, spatial organization, environmental response, building typologies, and systematic design decision-making required for ALE design problems.	Industrial and Specialized Architecture	Airport Architectural Planning	Architectural Design	(unset)	New	Architecture	UNSET_VALID
2	📐 Architectural Design	Master architectural programming, spatial organization, environmental response, building typologies, and systematic design decision-making required for ALE design problems.	Industrial and Specialized Architecture	Seaport and Port Facility Planning	Architectural Design	(unset)	New	Architecture	UNSET_VALID
2	📐 Architectural Design	Master architectural programming, spatial organization, environmental response, building typologies, and systematic design decision-making required for ALE design problems.	Industrial and Specialized Architecture	Service and Utility Facility Planning	Architectural Design	(unset)	New	Architecture, Architectural Engineering	CONTEXT_GAP
2	📐 Architectural Design	Master architectural programming, spatial organization, environmental response, building typologies, and systematic design decision-making required for ALE design problems.	Complex Architectural Projects	Mixed-Use Complex Planning	Architectural Design	(unset)	New	Architecture	UNSET_VALID
2	📐 Architectural Design	Master architectural programming, spatial organization, environmental response, building typologies, and systematic design decision-making required for ALE design problems.	Complex Architectural Projects	Multi-Building Site Planning	Architectural Design	(unset)	New	Architecture, Landscape Architecture	CONTEXT_GAP
2	📐 Architectural Design	Master architectural programming, spatial organization, environmental response, building typologies, and systematic design decision-making required for ALE design problems.	Complex Architectural Projects	Campus and Institutional Complex Planning	Architectural Design	(unset)	New	Architecture	UNSET_VALID
2	📐 Architectural Design	Master architectural programming, spatial organization, environmental response, building typologies, and systematic design decision-making required for ALE design problems.	Complex Architectural Projects	Integrated Architectural Design Problems	Architectural Design	(unset)	New	Architecture	UNSET_VALID
3	🌳 Planning and Site Development	Understand site planning, land-use planning, urban design, human settlements, landscape design, and the environmental factors shaping responsible architectural development.	Site Analysis	Site Analysis and Environmental Factors in Architectural Design	Site Planning	(unset)	Existing	Architecture, Landscape Architecture, Environmental Planning	CONTEXT_GAP
3	🌳 Planning and Site Development	Understand site planning, land-use planning, urban design, human settlements, landscape design, and the environmental factors shaping responsible architectural development.	Site Analysis	Fundamentals of Site Selection in Architecture	Site Planning	(unset)	Existing	Architecture, Landscape Architecture, Environmental Planning	CONTEXT_GAP
3	🌳 Planning and Site Development	Understand site planning, land-use planning, urban design, human settlements, landscape design, and the environmental factors shaping responsible architectural development.	Site Analysis	Topography Considerations in Architectural Site Planning	Site Planning	(unset)	Existing	Architecture, Landscape Architecture, Environmental Planning	CONTEXT_GAP
3	🌳 Planning and Site Development	Understand site planning, land-use planning, urban design, human settlements, landscape design, and the environmental factors shaping responsible architectural development.	Site Analysis	Principles and Practices of Site Planning and Environmental Design	Site Planning	(unset)	Existing	Architecture, Landscape Architecture, Environmental Planning	CONTEXT_GAP
3	🌳 Planning and Site Development	Understand site planning, land-use planning, urban design, human settlements, landscape design, and the environmental factors shaping responsible architectural development.	Environmental Site Planning	Solar Orientation Strategies in Site Planning	Site Planning	(unset)	Existing	Architecture, Landscape Architecture	CONTEXT_GAP
3	🌳 Planning and Site Development	Understand site planning, land-use planning, urban design, human settlements, landscape design, and the environmental factors shaping responsible architectural development.	Environmental Site Planning	Wind Orientation and Natural Ventilation in Architectural Design	Site Planning	(unset)	Existing	Architecture, Landscape Architecture	CONTEXT_GAP
3	🌳 Planning and Site Development	Understand site planning, land-use planning, urban design, human settlements, landscape design, and the environmental factors shaping responsible architectural development.	Environmental Site Planning	Drainage Planning for Building Sites	Site Planning	ENGINEERING_SCIENCES	Existing	Architecture, Landscape Architecture, Environmental Planning	VALID
3	🌳 Planning and Site Development	Understand site planning, land-use planning, urban design, human settlements, landscape design, and the environmental factors shaping responsible architectural development.	Environmental Site Planning	Environmental Planning in Site Planning	Site Planning	(unset)	Existing	Architecture, Landscape Architecture, Environmental Planning	CONTEXT_GAP
3	🌳 Planning and Site Development	Understand site planning, land-use planning, urban design, human settlements, landscape design, and the environmental factors shaping responsible architectural development.	Environmental Site Planning	Principles and Applications of Climate Responsive Site Design in Architecture	Site Planning	(unset)	Existing	Architecture, Landscape Architecture	CONTEXT_GAP
3	🌳 Planning and Site Development	Understand site planning, land-use planning, urban design, human settlements, landscape design, and the environmental factors shaping responsible architectural development.	Site Organization and Circulation	Parking Requirements in Site Planning	Site Planning	PROFESSIONAL_PRACTICE_AND_REGULATION	Existing	Architecture, Landscape Architecture, Environmental Planning	VALID
3	🌳 Planning and Site Development	Understand site planning, land-use planning, urban design, human settlements, landscape design, and the environmental factors shaping responsible architectural development.	Site Organization and Circulation	Landscape Planning in Architectural Site Planning	Site Planning	(unset)	Existing	Architecture, Landscape Architecture	CONTEXT_GAP
3	🌳 Planning and Site Development	Understand site planning, land-use planning, urban design, human settlements, landscape design, and the environmental factors shaping responsible architectural development.	Site Organization and Circulation	Principles and Strategies in Pedestrian and Vehicular Circulation Design	Site Planning	(unset)	Existing	Architecture, Landscape Architecture, Environmental Planning	CONTEXT_GAP
3	🌳 Planning and Site Development	Understand site planning, land-use planning, urban design, human settlements, landscape design, and the environmental factors shaping responsible architectural development.	Site Organization and Circulation	Setbacks and Easements in Site Development	Site Planning	PROFESSIONAL_PRACTICE_AND_REGULATION	Existing	Architecture, Landscape Architecture, Environmental Planning	VALID
3	🌳 Planning and Site Development	Understand site planning, land-use planning, urban design, human settlements, landscape design, and the environmental factors shaping responsible architectural development.	Site Organization and Circulation	Site Zoning and Functional Organization	Site Planning	(unset)	New	Architecture, Landscape Architecture, Environmental Planning	CONTEXT_GAP
3	🌳 Planning and Site Development	Understand site planning, land-use planning, urban design, human settlements, landscape design, and the environmental factors shaping responsible architectural development.	Site Organization and Circulation	Pedestrian Circulation in Site Planning	Site Planning	(unset)	New	Architecture, Landscape Architecture, Environmental Planning	CONTEXT_GAP
3	🌳 Planning and Site Development	Understand site planning, land-use planning, urban design, human settlements, landscape design, and the environmental factors shaping responsible architectural development.	Site Organization and Circulation	Vehicular Circulation and Access	Site Planning	(unset)	New	Architecture, Landscape Architecture, Environmental Planning	CONTEXT_GAP
3	🌳 Planning and Site Development	Understand site planning, land-use planning, urban design, human settlements, landscape design, and the environmental factors shaping responsible architectural development.	Site Organization and Circulation	Service Access and Loading	Site Planning	(unset)	New	Architecture, Landscape Architecture, Environmental Planning	CONTEXT_GAP
3	🌳 Planning and Site Development	Understand site planning, land-use planning, urban design, human settlements, landscape design, and the environmental factors shaping responsible architectural development.	Site Organization and Circulation	Site Grading Principles	Site Planning	ENGINEERING_SCIENCES	New	Architecture, Landscape Architecture, Environmental Planning	VALID
3	🌳 Planning and Site Development	Understand site planning, land-use planning, urban design, human settlements, landscape design, and the environmental factors shaping responsible architectural development.	Principles of Planning	Fundamentals of Urban and Regional Planning	Urban Planning	(unset)	New	Architecture, Landscape Architecture, Environmental Planning	CONTEXT_GAP
3	🌳 Planning and Site Development	Understand site planning, land-use planning, urban design, human settlements, landscape design, and the environmental factors shaping responsible architectural development.	Principles of Planning	General Planning Process	Urban Planning	(unset)	New	Architecture, Landscape Architecture, Environmental Planning	CONTEXT_GAP
3	🌳 Planning and Site Development	Understand site planning, land-use planning, urban design, human settlements, landscape design, and the environmental factors shaping responsible architectural development.	Principles of Planning	History of Urban Planning	Urban Planning	(unset)	New	Architecture, Landscape Architecture, Environmental Planning	CONTEXT_GAP
3	🌳 Planning and Site Development	Understand site planning, land-use planning, urban design, human settlements, landscape design, and the environmental factors shaping responsible architectural development.	Principles of Planning	Planning Theories and Models	Urban Planning	(unset)	New	Architecture, Landscape Architecture, Environmental Planning	CONTEXT_GAP
3	🌳 Planning and Site Development	Understand site planning, land-use planning, urban design, human settlements, landscape design, and the environmental factors shaping responsible architectural development.	Land Use and Urban Design	Fundamentals of Urban Planning in Site Development	Urban Planning	(unset)	Existing	Architecture, Landscape Architecture, Environmental Planning	CONTEXT_GAP
3	🌳 Planning and Site Development	Understand site planning, land-use planning, urban design, human settlements, landscape design, and the environmental factors shaping responsible architectural development.	Land Use and Urban Design	Zoning Regulations and Land Use Planning	National Building Code	PROFESSIONAL_PRACTICE_AND_REGULATION	Reuse	Architecture, Civil Engineering, Interior Design	VALID
3	🌳 Planning and Site Development	Understand site planning, land-use planning, urban design, human settlements, landscape design, and the environmental factors shaping responsible architectural development.	Land Use and Urban Design	Land Use Planning Principles	Urban Planning	(unset)	New	Architecture, Landscape Architecture, Environmental Planning	CONTEXT_GAP
3	🌳 Planning and Site Development	Understand site planning, land-use planning, urban design, human settlements, landscape design, and the environmental factors shaping responsible architectural development.	Land Use and Urban Design	Urban Form and Spatial Structure	Urban Planning	(unset)	New	Architecture, Landscape Architecture, Environmental Planning	CONTEXT_GAP
3	🌳 Planning and Site Development	Understand site planning, land-use planning, urban design, human settlements, landscape design, and the environmental factors shaping responsible architectural development.	Land Use and Urban Design	Urban Design Principles	Urban Planning	(unset)	New	Architecture, Landscape Architecture, Environmental Planning	CONTEXT_GAP
3	🌳 Planning and Site Development	Understand site planning, land-use planning, urban design, human settlements, landscape design, and the environmental factors shaping responsible architectural development.	Land Use and Urban Design	Streetscape and Public Realm Design	Urban Planning	(unset)	New	Architecture, Landscape Architecture, Environmental Planning	CONTEXT_GAP
3	🌳 Planning and Site Development	Understand site planning, land-use planning, urban design, human settlements, landscape design, and the environmental factors shaping responsible architectural development.	Land Use and Urban Design	Urbanization and Human Settlements	Urban Planning	(unset)	New	Architecture, Landscape Architecture, Environmental Planning	CONTEXT_GAP
3	🌳 Planning and Site Development	Understand site planning, land-use planning, urban design, human settlements, landscape design, and the environmental factors shaping responsible architectural development.	Housing and Human Settlements	Principles of Housing and Human Settlements	Urban Planning	(unset)	New	Architecture, Landscape Architecture, Environmental Planning	CONTEXT_GAP
3	🌳 Planning and Site Development	Understand site planning, land-use planning, urban design, human settlements, landscape design, and the environmental factors shaping responsible architectural development.	Housing and Human Settlements	Housing Typologies	Urban Planning	(unset)	New	Architecture, Landscape Architecture, Environmental Planning	CONTEXT_GAP
3	🌳 Planning and Site Development	Understand site planning, land-use planning, urban design, human settlements, landscape design, and the environmental factors shaping responsible architectural development.	Housing and Human Settlements	Philippine Housing Policies and Programs	Urban Planning	PROFESSIONAL_PRACTICE_AND_REGULATION	New	Architecture, Landscape Architecture, Environmental Planning	VALID
3	🌳 Planning and Site Development	Understand site planning, land-use planning, urban design, human settlements, landscape design, and the environmental factors shaping responsible architectural development.	Housing and Human Settlements	Subdivision Planning	Site Planning	(unset)	New	Architecture, Landscape Architecture, Environmental Planning	CONTEXT_GAP
3	🌳 Planning and Site Development	Understand site planning, land-use planning, urban design, human settlements, landscape design, and the environmental factors shaping responsible architectural development.	Housing and Human Settlements	Community Planning	Urban Planning	(unset)	New	Architecture, Landscape Architecture, Environmental Planning	CONTEXT_GAP
3	🌳 Planning and Site Development	Understand site planning, land-use planning, urban design, human settlements, landscape design, and the environmental factors shaping responsible architectural development.	Landscape Architecture	Landscape Planning in Architectural Site Planning	Site Planning	(unset)	Existing	Architecture, Landscape Architecture	CONTEXT_GAP
3	🌳 Planning and Site Development	Understand site planning, land-use planning, urban design, human settlements, landscape design, and the environmental factors shaping responsible architectural development.	Landscape Architecture	Landscape Design Principles	Landscape Architecture	(unset)	New	Architecture, Landscape Architecture, Environmental Planning	CONTEXT_GAP
3	🌳 Planning and Site Development	Understand site planning, land-use planning, urban design, human settlements, landscape design, and the environmental factors shaping responsible architectural development.	Landscape Architecture	Hardscape and Softscape Planning	Landscape Architecture	(unset)	New	Architecture, Landscape Architecture, Environmental Planning	CONTEXT_GAP
3	🌳 Planning and Site Development	Understand site planning, land-use planning, urban design, human settlements, landscape design, and the environmental factors shaping responsible architectural development.	Landscape Architecture	Planting Design Fundamentals	Landscape Architecture	(unset)	New	Architecture, Landscape Architecture, Environmental Planning	CONTEXT_GAP
3	🌳 Planning and Site Development	Understand site planning, land-use planning, urban design, human settlements, landscape design, and the environmental factors shaping responsible architectural development.	Landscape Architecture	Open Space Planning	Landscape Architecture	(unset)	New	Architecture, Landscape Architecture, Environmental Planning	CONTEXT_GAP
4	🧱 Building Materials and Construction	Master building materials, assemblies, construction systems, detailing principles, and methods of construction used in architectural practice.	Construction Materials	Fundamentals of Concrete in Construction Materials and Testing	Construction Materials and Testing	ENGINEERING_SCIENCES	Reuse	Architecture, Civil Engineering, Architectural Engineering	VALID
4	🧱 Building Materials and Construction	Master building materials, assemblies, construction systems, detailing principles, and methods of construction used in architectural practice.	Construction Materials	Properties, Types, and Testing of Cement in Construction Engineering	Construction Materials and Testing	ENGINEERING_SCIENCES	Reuse	Architecture, Civil Engineering, Architectural Engineering	VALID
4	🧱 Building Materials and Construction	Master building materials, assemblies, construction systems, detailing principles, and methods of construction used in architectural practice.	Construction Materials	Properties and Testing of Aggregates in Construction Materials	Construction Materials and Testing	ENGINEERING_SCIENCES	Reuse	Architecture, Civil Engineering, Architectural Engineering	VALID
4	🧱 Building Materials and Construction	Master building materials, assemblies, construction systems, detailing principles, and methods of construction used in architectural practice.	Construction Materials	Properties, Types, and Testing of Reinforcing and Structural Steel in Construction	Construction Materials and Testing	ENGINEERING_SCIENCES	Reuse	Architecture, Civil Engineering, Architectural Engineering	VALID
4	🧱 Building Materials and Construction	Master building materials, assemblies, construction systems, detailing principles, and methods of construction used in architectural practice.	Construction Materials	Timber as a Construction Material: Properties, Types, and Testing Methods	Construction Materials and Testing	ENGINEERING_SCIENCES	Reuse	Architecture, Civil Engineering, Architectural Engineering	VALID
4	🧱 Building Materials and Construction	Master building materials, assemblies, construction systems, detailing principles, and methods of construction used in architectural practice.	Construction Materials	Fundamentals of Masonry in Construction Materials and Testing	Construction Materials and Testing	ENGINEERING_SCIENCES	Reuse	Architecture, Civil Engineering, Architectural Engineering	VALID
4	🧱 Building Materials and Construction	Master building materials, assemblies, construction systems, detailing principles, and methods of construction used in architectural practice.	Construction Materials	Material Properties in Construction Materials Engineering	Construction Materials and Testing	ENGINEERING_SCIENCES	Reuse	Architecture, Civil Engineering, Architectural Engineering	VALID
4	🧱 Building Materials and Construction	Master building materials, assemblies, construction systems, detailing principles, and methods of construction used in architectural practice.	Construction Materials	Aggregate Testing in Construction Materials Engineering	Construction Materials and Testing	ENGINEERING_SCIENCES	Excluded	Architecture, Civil Engineering, Architectural Engineering	VALID
4	🧱 Building Materials and Construction	Master building materials, assemblies, construction systems, detailing principles, and methods of construction used in architectural practice.	Construction Materials	Concrete Testing Methods in Construction Engineering	Construction Materials and Testing	ENGINEERING_SCIENCES	Excluded	Architecture, Civil Engineering, Architectural Engineering	VALID
4	🧱 Building Materials and Construction	Master building materials, assemblies, construction systems, detailing principles, and methods of construction used in architectural practice.	Construction Materials	Fundamentals of Steel Testing in Construction Materials Engineering	Construction Materials and Testing	ENGINEERING_SCIENCES	Excluded	Architecture, Civil Engineering, Architectural Engineering	VALID
4	🧱 Building Materials and Construction	Master building materials, assemblies, construction systems, detailing principles, and methods of construction used in architectural practice.	Construction Materials	Fundamentals of Asphalt Testing	Construction Materials and Testing	ENGINEERING_SCIENCES	Excluded	Architecture, Civil Engineering, Architectural Engineering	VALID
4	🧱 Building Materials and Construction	Master building materials, assemblies, construction systems, detailing principles, and methods of construction used in architectural practice.	Construction Materials	Non-Destructive Testing in Construction Materials Engineering	Construction Materials and Testing	ENGINEERING_SCIENCES	Excluded	Architecture, Civil Engineering, Architectural Engineering	VALID
4	🧱 Building Materials and Construction	Master building materials, assemblies, construction systems, detailing principles, and methods of construction used in architectural practice.	Concrete and Masonry Construction	Fundamentals of Concrete Construction	Building Technology	ENGINEERING_SCIENCES	Existing	Architecture, Architectural Engineering, Civil Engineering	VALID
4	🧱 Building Materials and Construction	Master building materials, assemblies, construction systems, detailing principles, and methods of construction used in architectural practice.	Concrete and Masonry Construction	Masonry Construction Basics	Building Technology	ENGINEERING_SCIENCES	Existing	Architecture, Architectural Engineering, Civil Engineering	VALID
4	🧱 Building Materials and Construction	Master building materials, assemblies, construction systems, detailing principles, and methods of construction used in architectural practice.	Concrete and Masonry Construction	Reinforced Concrete Construction Principles	Building Technology	ENGINEERING_SCIENCES	New	Architecture, Architectural Engineering, Civil Engineering	VALID
4	🧱 Building Materials and Construction	Master building materials, assemblies, construction systems, detailing principles, and methods of construction used in architectural practice.	Concrete and Masonry Construction	Concrete Formwork	Building Technology	ENGINEERING_SCIENCES	New	Architecture, Architectural Engineering, Civil Engineering	VALID
4	🧱 Building Materials and Construction	Master building materials, assemblies, construction systems, detailing principles, and methods of construction used in architectural practice.	Concrete and Masonry Construction	Masonry Wall Systems	Building Technology	ENGINEERING_SCIENCES	New	Architecture, Architectural Engineering, Civil Engineering	VALID
4	🧱 Building Materials and Construction	Master building materials, assemblies, construction systems, detailing principles, and methods of construction used in architectural practice.	Concrete and Masonry Construction	Concrete Finishes	Building Technology	ENGINEERING_SCIENCES	New	Architecture, Architectural Engineering, Civil Engineering	VALID
4	🧱 Building Materials and Construction	Master building materials, assemblies, construction systems, detailing principles, and methods of construction used in architectural practice.	Timber Construction	Fundamentals and Applications of Wood Construction	Building Technology	ENGINEERING_SCIENCES	Existing	Architecture, Architectural Engineering, Civil Engineering	VALID
4	🧱 Building Materials and Construction	Master building materials, assemblies, construction systems, detailing principles, and methods of construction used in architectural practice.	Timber Construction	Timber Framing Systems	Building Technology	ENGINEERING_SCIENCES	New	Architecture, Architectural Engineering, Civil Engineering	VALID
4	🧱 Building Materials and Construction	Master building materials, assemblies, construction systems, detailing principles, and methods of construction used in architectural practice.	Timber Construction	Carpentry and Joinery	Building Technology	ENGINEERING_SCIENCES	New	Architecture, Architectural Engineering	VALID
4	🧱 Building Materials and Construction	Master building materials, assemblies, construction systems, detailing principles, and methods of construction used in architectural practice.	Timber Construction	Wood Connections	Building Technology	ENGINEERING_SCIENCES	New	Architecture, Architectural Engineering, Civil Engineering	VALID
4	🧱 Building Materials and Construction	Master building materials, assemblies, construction systems, detailing principles, and methods of construction used in architectural practice.	Steel and Metal Construction	Principles and Practices of Steel Construction in Architecture	Building Technology	ENGINEERING_SCIENCES	Existing	Architecture, Architectural Engineering, Civil Engineering	VALID
4	🧱 Building Materials and Construction	Master building materials, assemblies, construction systems, detailing principles, and methods of construction used in architectural practice.	Steel and Metal Construction	Structural Steel Construction Systems	Building Technology	ENGINEERING_SCIENCES	New	Architecture, Architectural Engineering, Civil Engineering	VALID
4	🧱 Building Materials and Construction	Master building materials, assemblies, construction systems, detailing principles, and methods of construction used in architectural practice.	Steel and Metal Construction	Light-Gauge Metal Construction	Building Technology	ENGINEERING_SCIENCES	New	Architecture, Architectural Engineering	VALID
4	🧱 Building Materials and Construction	Master building materials, assemblies, construction systems, detailing principles, and methods of construction used in architectural practice.	Steel and Metal Construction	Sheet Metal and Tinsmithry	Building Technology	ENGINEERING_SCIENCES	New	Architecture, Architectural Engineering	VALID
4	🧱 Building Materials and Construction	Master building materials, assemblies, construction systems, detailing principles, and methods of construction used in architectural practice.	Steel and Metal Construction	Metal Connections and Architectural Detailing	Building Technology	ENGINEERING_SCIENCES	New	Architecture, Architectural Engineering	VALID
4	🧱 Building Materials and Construction	Master building materials, assemblies, construction systems, detailing principles, and methods of construction used in architectural practice.	Building Envelope	Roofing Systems and Materials in Architecture	Building Technology	ENGINEERING_SCIENCES	Existing	Architecture, Architectural Engineering, Civil Engineering	VALID
4	🧱 Building Materials and Construction	Master building materials, assemblies, construction systems, detailing principles, and methods of construction used in architectural practice.	Building Envelope	Comprehensive Waterproofing Methods in Architectural Design	Building Technology	ENGINEERING_SCIENCES	Existing	Architecture, Architectural Engineering, Civil Engineering	VALID
4	🧱 Building Materials and Construction	Master building materials, assemblies, construction systems, detailing principles, and methods of construction used in architectural practice.	Building Envelope	Wall and Cladding Systems	Building Technology	ENGINEERING_SCIENCES	New	Architecture, Architectural Engineering	VALID
4	🧱 Building Materials and Construction	Master building materials, assemblies, construction systems, detailing principles, and methods of construction used in architectural practice.	Building Envelope	Glass and Glazing	Building Technology	ENGINEERING_SCIENCES	New	Architecture, Architectural Engineering, Interior Design	VALID
4	🧱 Building Materials and Construction	Master building materials, assemblies, construction systems, detailing principles, and methods of construction used in architectural practice.	Building Envelope	Fenestration Systems	Building Technology	ENGINEERING_SCIENCES	New	Architecture, Architectural Engineering, Interior Design	VALID
4	🧱 Building Materials and Construction	Master building materials, assemblies, construction systems, detailing principles, and methods of construction used in architectural practice.	Building Envelope	Thermal Insulation	Building Technology	ENGINEERING_SCIENCES	New	Architecture, Architectural Engineering, Civil Engineering	VALID
4	🧱 Building Materials and Construction	Master building materials, assemblies, construction systems, detailing principles, and methods of construction used in architectural practice.	Building Envelope	Damp-Proofing	Building Technology	ENGINEERING_SCIENCES	New	Architecture, Architectural Engineering, Civil Engineering	VALID
4	🧱 Building Materials and Construction	Master building materials, assemblies, construction systems, detailing principles, and methods of construction used in architectural practice.	Building Envelope	Building Envelope Performance	Building Technology	ENGINEERING_SCIENCES	New	Architecture, Architectural Engineering, Civil Engineering	VALID
4	🧱 Building Materials and Construction	Master building materials, assemblies, construction systems, detailing principles, and methods of construction used in architectural practice.	Interior and Finish Materials	Comprehensive Overview of Flooring Materials in Architecture	Building Technology	ENGINEERING_SCIENCES	Existing	Architecture, Architectural Engineering, Interior Design	VALID
4	🧱 Building Materials and Construction	Master building materials, assemblies, construction systems, detailing principles, and methods of construction used in architectural practice.	Interior and Finish Materials	Wall Finishes	Building Technology	ENGINEERING_SCIENCES	New	Architecture, Architectural Engineering, Interior Design	VALID
4	🧱 Building Materials and Construction	Master building materials, assemblies, construction systems, detailing principles, and methods of construction used in architectural practice.	Interior and Finish Materials	Ceiling Systems	Building Technology	ENGINEERING_SCIENCES	New	Architecture, Architectural Engineering, Interior Design	VALID
4	🧱 Building Materials and Construction	Master building materials, assemblies, construction systems, detailing principles, and methods of construction used in architectural practice.	Interior and Finish Materials	Paints, Coatings, and Varnishes	Building Technology	ENGINEERING_SCIENCES	New	Architecture, Architectural Engineering, Interior Design	VALID
4	🧱 Building Materials and Construction	Master building materials, assemblies, construction systems, detailing principles, and methods of construction used in architectural practice.	Interior and Finish Materials	Architectural Hardware	Building Technology	ENGINEERING_SCIENCES	New	Architecture, Architectural Engineering, Interior Design	VALID
4	🧱 Building Materials and Construction	Master building materials, assemblies, construction systems, detailing principles, and methods of construction used in architectural practice.	Interior and Finish Materials	Doors and Windows	Building Technology	ENGINEERING_SCIENCES	New	Architecture, Architectural Engineering, Interior Design	VALID
4	🧱 Building Materials and Construction	Master building materials, assemblies, construction systems, detailing principles, and methods of construction used in architectural practice.	Interior and Finish Materials	Interior Finish Selection	Building Technology	ENGINEERING_SCIENCES	New	Architecture, Architectural Engineering, Interior Design	VALID
4	🧱 Building Materials and Construction	Master building materials, assemblies, construction systems, detailing principles, and methods of construction used in architectural practice.	Specifications and Construction Documentation	Architectural Specifications	Professional Practice	PROFESSIONAL_PRACTICE_AND_REGULATION	New	Architecture	VALID
4	🧱 Building Materials and Construction	Master building materials, assemblies, construction systems, detailing principles, and methods of construction used in architectural practice.	Specifications and Construction Documentation	Construction Specifications Fundamentals	Professional Practice	PROFESSIONAL_PRACTICE_AND_REGULATION	New	Architecture	VALID
4	🧱 Building Materials and Construction	Master building materials, assemblies, construction systems, detailing principles, and methods of construction used in architectural practice.	Specifications and Construction Documentation	Material Specifications and Selection	Building Technology	ENGINEERING_SCIENCES	New	Architecture, Architectural Engineering	VALID
4	🧱 Building Materials and Construction	Master building materials, assemblies, construction systems, detailing principles, and methods of construction used in architectural practice.	Specifications and Construction Documentation	Construction Drawings and Details	Professional Practice	PROFESSIONAL_PRACTICE_AND_REGULATION	New	Architecture	VALID
4	🧱 Building Materials and Construction	Master building materials, assemblies, construction systems, detailing principles, and methods of construction used in architectural practice.	Specifications and Construction Documentation	Coordination of Architectural Construction Documents	Professional Practice	PROFESSIONAL_PRACTICE_AND_REGULATION	New	Architecture	VALID
5	🏗️ Structural Concepts for Architecture	Build practical understanding of structural behavior, loads, structural systems, materials, and seismic principles needed for safe and integrated architectural design.	Structural Fundamentals	Foundations of Structural Systems in Architecture	Structural Components	ENGINEERING_SCIENCES	Existing	Architecture, Civil Engineering, Architectural Engineering	VALID
5	🏗️ Structural Concepts for Architecture	Build practical understanding of structural behavior, loads, structural systems, materials, and seismic principles needed for safe and integrated architectural design.	Structural Fundamentals	Beam Versus Column Structural Components	Structural Components	ENGINEERING_SCIENCES	Existing	Architecture, Civil Engineering, Architectural Engineering	VALID
5	🏗️ Structural Concepts for Architecture	Build practical understanding of structural behavior, loads, structural systems, materials, and seismic principles needed for safe and integrated architectural design.	Structural Fundamentals	Dead Load vs Live Load in Structural Engineering	Structural Components	ENGINEERING_SCIENCES	Reuse	Architecture, Civil Engineering, Architectural Engineering	VALID
5	🏗️ Structural Concepts for Architecture	Build practical understanding of structural behavior, loads, structural systems, materials, and seismic principles needed for safe and integrated architectural design.	Structural Fundamentals	Forces and Equilibrium in Building Structures	Structural Components	ENGINEERING_SCIENCES	New	Architecture, Civil Engineering, Architectural Engineering	VALID
5	🏗️ Structural Concepts for Architecture	Build practical understanding of structural behavior, loads, structural systems, materials, and seismic principles needed for safe and integrated architectural design.	Structural Fundamentals	Structural Loads and Load Paths	Structural Components	ENGINEERING_SCIENCES	New	Architecture, Civil Engineering, Architectural Engineering	VALID
5	🏗️ Structural Concepts for Architecture	Build practical understanding of structural behavior, loads, structural systems, materials, and seismic principles needed for safe and integrated architectural design.	Structural Fundamentals	Structural Stability Fundamentals	Structural Components	ENGINEERING_SCIENCES	New	Architecture, Civil Engineering, Architectural Engineering	VALID
5	🏗️ Structural Concepts for Architecture	Build practical understanding of structural behavior, loads, structural systems, materials, and seismic principles needed for safe and integrated architectural design.	Structural Fundamentals	Structural Determinacy Fundamentals	Structural Components	ENGINEERING_SCIENCES	New	Architecture, Civil Engineering, Architectural Engineering	VALID
5	🏗️ Structural Concepts for Architecture	Build practical understanding of structural behavior, loads, structural systems, materials, and seismic principles needed for safe and integrated architectural design.	Strength and Behavior of Materials	Stress and Strain Fundamentals	Structural Components	ENGINEERING_SCIENCES	New	Architecture, Civil Engineering, Architectural Engineering	VALID
5	🏗️ Structural Concepts for Architecture	Build practical understanding of structural behavior, loads, structural systems, materials, and seismic principles needed for safe and integrated architectural design.	Strength and Behavior of Materials	Tension, Compression, and Shear in Buildings	Structural Components	ENGINEERING_SCIENCES	New	Architecture, Civil Engineering, Architectural Engineering	VALID
5	🏗️ Structural Concepts for Architecture	Build practical understanding of structural behavior, loads, structural systems, materials, and seismic principles needed for safe and integrated architectural design.	Strength and Behavior of Materials	Bending and Deflection Fundamentals	Structural Components	ENGINEERING_SCIENCES	New	Architecture, Civil Engineering, Architectural Engineering	VALID
5	🏗️ Structural Concepts for Architecture	Build practical understanding of structural behavior, loads, structural systems, materials, and seismic principles needed for safe and integrated architectural design.	Strength and Behavior of Materials	Material Strength and Structural Behavior	Structural Components	ENGINEERING_SCIENCES	New	Architecture, Civil Engineering, Architectural Engineering	VALID
5	🏗️ Structural Concepts for Architecture	Build practical understanding of structural behavior, loads, structural systems, materials, and seismic principles needed for safe and integrated architectural design.	Structural Systems	Load-Bearing Wall Systems	Structural Components	ENGINEERING_SCIENCES	New	Architecture, Civil Engineering, Architectural Engineering	VALID
5	🏗️ Structural Concepts for Architecture	Build practical understanding of structural behavior, loads, structural systems, materials, and seismic principles needed for safe and integrated architectural design.	Structural Systems	Post-and-Beam Systems	Structural Components	ENGINEERING_SCIENCES	New	Architecture, Civil Engineering, Architectural Engineering	VALID
5	🏗️ Structural Concepts for Architecture	Build practical understanding of structural behavior, loads, structural systems, materials, and seismic principles needed for safe and integrated architectural design.	Structural Systems	Frame Structural Systems	Structural Components	ENGINEERING_SCIENCES	New	Architecture, Civil Engineering, Architectural Engineering	VALID
5	🏗️ Structural Concepts for Architecture	Build practical understanding of structural behavior, loads, structural systems, materials, and seismic principles needed for safe and integrated architectural design.	Structural Systems	Truss Systems	Structural Components	ENGINEERING_SCIENCES	New	Architecture, Civil Engineering, Architectural Engineering	VALID
5	🏗️ Structural Concepts for Architecture	Build practical understanding of structural behavior, loads, structural systems, materials, and seismic principles needed for safe and integrated architectural design.	Structural Systems	Arch and Vault Structures	Structural Components	ENGINEERING_SCIENCES	New	Architecture, Civil Engineering, Architectural Engineering	VALID
5	🏗️ Structural Concepts for Architecture	Build practical understanding of structural behavior, loads, structural systems, materials, and seismic principles needed for safe and integrated architectural design.	Structural Systems	Cable and Tensile Structures	Structural Components	ENGINEERING_SCIENCES	New	Architecture, Civil Engineering, Architectural Engineering	VALID
5	🏗️ Structural Concepts for Architecture	Build practical understanding of structural behavior, loads, structural systems, materials, and seismic principles needed for safe and integrated architectural design.	Structural Systems	Shell and Space-Frame Structures	Structural Components	ENGINEERING_SCIENCES	New	Architecture, Civil Engineering, Architectural Engineering	VALID
5	🏗️ Structural Concepts for Architecture	Build practical understanding of structural behavior, loads, structural systems, materials, and seismic principles needed for safe and integrated architectural design.	Structural Systems	Long-Span Structural Systems	Structural Components	ENGINEERING_SCIENCES	New	Architecture, Civil Engineering, Architectural Engineering	VALID
5	🏗️ Structural Concepts for Architecture	Build practical understanding of structural behavior, loads, structural systems, materials, and seismic principles needed for safe and integrated architectural design.	Reinforced Concrete Structures	Reinforced Concrete Structural Systems	Structural Components	ENGINEERING_SCIENCES	New	Architecture, Civil Engineering, Architectural Engineering	VALID
5	🏗️ Structural Concepts for Architecture	Build practical understanding of structural behavior, loads, structural systems, materials, and seismic principles needed for safe and integrated architectural design.	Reinforced Concrete Structures	Reinforced Concrete Beams and Slabs	Structural Components	ENGINEERING_SCIENCES	New	Architecture, Civil Engineering, Architectural Engineering	VALID
5	🏗️ Structural Concepts for Architecture	Build practical understanding of structural behavior, loads, structural systems, materials, and seismic principles needed for safe and integrated architectural design.	Reinforced Concrete Structures	Reinforced Concrete Columns	Structural Components	ENGINEERING_SCIENCES	New	Architecture, Civil Engineering, Architectural Engineering	VALID
5	🏗️ Structural Concepts for Architecture	Build practical understanding of structural behavior, loads, structural systems, materials, and seismic principles needed for safe and integrated architectural design.	Reinforced Concrete Structures	Reinforced Concrete Building Frames	Structural Components	ENGINEERING_SCIENCES	New	Architecture, Civil Engineering, Architectural Engineering	VALID
5	🏗️ Structural Concepts for Architecture	Build practical understanding of structural behavior, loads, structural systems, materials, and seismic principles needed for safe and integrated architectural design.	Steel, Timber, and Composite Structures	Structural Steel Building Systems	Structural Components	ENGINEERING_SCIENCES	New	Architecture, Civil Engineering, Architectural Engineering	VALID
5	🏗️ Structural Concepts for Architecture	Build practical understanding of structural behavior, loads, structural systems, materials, and seismic principles needed for safe and integrated architectural design.	Steel, Timber, and Composite Structures	Timber Structural Systems	Structural Components	ENGINEERING_SCIENCES	New	Architecture, Civil Engineering, Architectural Engineering	VALID
5	🏗️ Structural Concepts for Architecture	Build practical understanding of structural behavior, loads, structural systems, materials, and seismic principles needed for safe and integrated architectural design.	Steel, Timber, and Composite Structures	Composite Structural Systems	Structural Components	ENGINEERING_SCIENCES	New	Architecture, Civil Engineering, Architectural Engineering	VALID
5	🏗️ Structural Concepts for Architecture	Build practical understanding of structural behavior, loads, structural systems, materials, and seismic principles needed for safe and integrated architectural design.	Foundations	Foundation Selection in Civil Engineering	Foundation Engineering	CIVIL_ENGINEERING	Reuse	Architecture, Civil Engineering, Architectural Engineering	VALID
5	🏗️ Structural Concepts for Architecture	Build practical understanding of structural behavior, loads, structural systems, materials, and seismic principles needed for safe and integrated architectural design.	Foundations	Isolated Footings in Foundation Engineering	Foundation Engineering	CIVIL_ENGINEERING	Reuse	Architecture, Civil Engineering, Architectural Engineering	VALID
5	🏗️ Structural Concepts for Architecture	Build practical understanding of structural behavior, loads, structural systems, materials, and seismic principles needed for safe and integrated architectural design.	Foundations	Combined Footings in Foundation Engineering	Foundation Engineering	CIVIL_ENGINEERING	Reuse	Architecture, Civil Engineering, Architectural Engineering	VALID
5	🏗️ Structural Concepts for Architecture	Build practical understanding of structural behavior, loads, structural systems, materials, and seismic principles needed for safe and integrated architectural design.	Foundations	Strip Footings in Foundation Engineering	Foundation Engineering	CIVIL_ENGINEERING	Reuse	Architecture, Civil Engineering, Architectural Engineering	VALID
5	🏗️ Structural Concepts for Architecture	Build practical understanding of structural behavior, loads, structural systems, materials, and seismic principles needed for safe and integrated architectural design.	Foundations	Mat Foundations in Foundation Engineering	Foundation Engineering	CIVIL_ENGINEERING	Reuse	Architecture, Civil Engineering, Architectural Engineering	VALID
5	🏗️ Structural Concepts for Architecture	Build practical understanding of structural behavior, loads, structural systems, materials, and seismic principles needed for safe and integrated architectural design.	Foundations	Pile Foundations in Foundation Engineering	Foundation Engineering	CIVIL_ENGINEERING	Reuse	Architecture, Civil Engineering, Architectural Engineering	VALID
5	🏗️ Structural Concepts for Architecture	Build practical understanding of structural behavior, loads, structural systems, materials, and seismic principles needed for safe and integrated architectural design.	Foundations	Site Investigation in Foundation Engineering	Foundation Engineering	CIVIL_ENGINEERING	Reuse	Architecture, Civil Engineering, Architectural Engineering	VALID
5	🏗️ Structural Concepts for Architecture	Build practical understanding of structural behavior, loads, structural systems, materials, and seismic principles needed for safe and integrated architectural design.	Foundations	Soil Exploration Methods in Foundation Engineering	Foundation Engineering	CIVIL_ENGINEERING	Reuse	Architecture, Civil Engineering, Architectural Engineering	VALID
5	🏗️ Structural Concepts for Architecture	Build practical understanding of structural behavior, loads, structural systems, materials, and seismic principles needed for safe and integrated architectural design.	Foundations	Cone Penetration Test in Foundation Engineering	Foundation Engineering	CIVIL_ENGINEERING	Excluded	Architecture, Civil Engineering, Architectural Engineering	VALID
5	🏗️ Structural Concepts for Architecture	Build practical understanding of structural behavior, loads, structural systems, materials, and seismic principles needed for safe and integrated architectural design.	Foundations	Terzaghi's Bearing Capacity Theory	Foundation Engineering	CIVIL_ENGINEERING	Excluded	Architecture, Civil Engineering, Architectural Engineering	VALID
5	🏗️ Structural Concepts for Architecture	Build practical understanding of structural behavior, loads, structural systems, materials, and seismic principles needed for safe and integrated architectural design.	Foundations	Ultimate and Allowable Bearing Capacity in Foundation Engineering	Foundation Engineering	CIVIL_ENGINEERING	Excluded	Architecture, Civil Engineering, Architectural Engineering	VALID
5	🏗️ Structural Concepts for Architecture	Build practical understanding of structural behavior, loads, structural systems, materials, and seismic principles needed for safe and integrated architectural design.	Foundations	Fundamentals of Pile Capacity in Foundation Engineering	Foundation Engineering	CIVIL_ENGINEERING	Excluded	Architecture, Civil Engineering, Architectural Engineering	VALID
5	🏗️ Structural Concepts for Architecture	Build practical understanding of structural behavior, loads, structural systems, materials, and seismic principles needed for safe and integrated architectural design.	Foundations	Design and Analysis of Pile Groups in Foundation Engineering	Foundation Engineering	CIVIL_ENGINEERING	Excluded	Architecture, Civil Engineering, Architectural Engineering	VALID
5	🏗️ Structural Concepts for Architecture	Build practical understanding of structural behavior, loads, structural systems, materials, and seismic principles needed for safe and integrated architectural design.	Foundations	Eccentric Loading in Foundation Engineering	Foundation Engineering	CIVIL_ENGINEERING	Excluded	Architecture, Civil Engineering, Architectural Engineering	VALID
5	🏗️ Structural Concepts for Architecture	Build practical understanding of structural behavior, loads, structural systems, materials, and seismic principles needed for safe and integrated architectural design.	Foundations	Groundwater Effects in Foundation Engineering	Foundation Engineering	CIVIL_ENGINEERING	Excluded	Architecture, Civil Engineering, Architectural Engineering	VALID
5	🏗️ Structural Concepts for Architecture	Build practical understanding of structural behavior, loads, structural systems, materials, and seismic principles needed for safe and integrated architectural design.	Foundations	Caissons and Drilled Shafts in Foundation Engineering	Foundation Engineering	CIVIL_ENGINEERING	Excluded	Architecture, Civil Engineering, Architectural Engineering	VALID
5	🏗️ Structural Concepts for Architecture	Build practical understanding of structural behavior, loads, structural systems, materials, and seismic principles needed for safe and integrated architectural design.	Seismic and Disaster-Resilient Design	Fundamentals of Seismic Design	Structural Components	ENGINEERING_SCIENCES	New	Architecture, Civil Engineering, Architectural Engineering	VALID
5	🏗️ Structural Concepts for Architecture	Build practical understanding of structural behavior, loads, structural systems, materials, and seismic principles needed for safe and integrated architectural design.	Seismic and Disaster-Resilient Design	Building Response to Earthquakes	Structural Components	ENGINEERING_SCIENCES	New	Architecture, Civil Engineering, Architectural Engineering	VALID
5	🏗️ Structural Concepts for Architecture	Build practical understanding of structural behavior, loads, structural systems, materials, and seismic principles needed for safe and integrated architectural design.	Seismic and Disaster-Resilient Design	Lateral Load-Resisting Systems	Structural Components	ENGINEERING_SCIENCES	New	Architecture, Civil Engineering, Architectural Engineering	VALID
5	🏗️ Structural Concepts for Architecture	Build practical understanding of structural behavior, loads, structural systems, materials, and seismic principles needed for safe and integrated architectural design.	Seismic and Disaster-Resilient Design	Architectural Configuration and Seismic Performance	Structural Components	ENGINEERING_SCIENCES	New	Architecture, Civil Engineering, Architectural Engineering	VALID
5	🏗️ Structural Concepts for Architecture	Build practical understanding of structural behavior, loads, structural systems, materials, and seismic principles needed for safe and integrated architectural design.	Seismic and Disaster-Resilient Design	Wind-Resistant Building Design	Structural Components	ENGINEERING_SCIENCES	New	Architecture, Civil Engineering, Architectural Engineering	VALID
5	🏗️ Structural Concepts for Architecture	Build practical understanding of structural behavior, loads, structural systems, materials, and seismic principles needed for safe and integrated architectural design.	Seismic and Disaster-Resilient Design	Disaster-Resilient Structural Planning	Structural Components	ENGINEERING_SCIENCES	New	Architecture, Civil Engineering, Architectural Engineering	VALID
6	⚙️ Building Utilities	Understand the building service systems that support health, safety, comfort, communication, mobility, and efficient building operation.	Plumbing and Sanitary Systems	Plumbing Fixtures in Building Utilities	Building Utilities	ENGINEERING_SCIENCES	Existing	Architecture, Architectural Engineering, Civil Engineering	VALID
6	⚙️ Building Utilities	Understand the building service systems that support health, safety, comfort, communication, mobility, and efficient building operation.	Plumbing and Sanitary Systems	Sanitary Systems in Building Utilities	Building Utilities	ENGINEERING_SCIENCES	Existing	Architecture, Architectural Engineering, Civil Engineering	VALID
6	⚙️ Building Utilities	Understand the building service systems that support health, safety, comfort, communication, mobility, and efficient building operation.	Plumbing and Sanitary Systems	Fundamentals of Water Distribution Systems in Architectural Design	Building Utilities	ENGINEERING_SCIENCES	Existing	Architecture, Architectural Engineering, Civil Engineering	VALID
6	⚙️ Building Utilities	Understand the building service systems that support health, safety, comfort, communication, mobility, and efficient building operation.	Plumbing and Sanitary Systems	Building Water Supply Systems	Building Utilities	ENGINEERING_SCIENCES	New	Architecture, Architectural Engineering, Civil Engineering	VALID
6	⚙️ Building Utilities	Understand the building service systems that support health, safety, comfort, communication, mobility, and efficient building operation.	Plumbing and Sanitary Systems	Water Storage and Distribution in Buildings	Building Utilities	ENGINEERING_SCIENCES	New	Architecture, Architectural Engineering, Civil Engineering	VALID
6	⚙️ Building Utilities	Understand the building service systems that support health, safety, comfort, communication, mobility, and efficient building operation.	Plumbing and Sanitary Systems	Building Drainage Systems	Building Utilities	ENGINEERING_SCIENCES	New	Architecture, Architectural Engineering, Civil Engineering	VALID
6	⚙️ Building Utilities	Understand the building service systems that support health, safety, comfort, communication, mobility, and efficient building operation.	Plumbing and Sanitary Systems	Building Sewerage Systems	Building Utilities	ENGINEERING_SCIENCES	New	Architecture, Architectural Engineering, Civil Engineering	VALID
6	⚙️ Building Utilities	Understand the building service systems that support health, safety, comfort, communication, mobility, and efficient building operation.	Plumbing and Sanitary Systems	Stormwater Systems for Buildings	Building Utilities	ENGINEERING_SCIENCES	New	Architecture, Architectural Engineering, Civil Engineering	VALID
6	⚙️ Building Utilities	Understand the building service systems that support health, safety, comfort, communication, mobility, and efficient building operation.	Plumbing and Sanitary Systems	Waste Treatment and Recycling Systems in Buildings	Building Utilities	ENGINEERING_SCIENCES	New	Architecture, Architectural Engineering, Civil Engineering	VALID
6	⚙️ Building Utilities	Understand the building service systems that support health, safety, comfort, communication, mobility, and efficient building operation.	Mechanical Systems	Fundamental Principles of HVAC Systems in Architecture	Building Utilities	ENGINEERING_SCIENCES	Existing	Architecture, Architectural Engineering, Mechanical Engineering	VALID
6	⚙️ Building Utilities	Understand the building service systems that support health, safety, comfort, communication, mobility, and efficient building operation.	Mechanical Systems	Vertical Transportation Systems in Buildings	Building Utilities	ENGINEERING_SCIENCES	Existing	Architecture, Architectural Engineering, Mechanical Engineering	VALID
6	⚙️ Building Utilities	Understand the building service systems that support health, safety, comfort, communication, mobility, and efficient building operation.	Mechanical Systems	Natural and Mechanical Ventilation	Building Utilities	ENGINEERING_SCIENCES	New	Architecture, Architectural Engineering, Mechanical Engineering	VALID
6	⚙️ Building Utilities	Understand the building service systems that support health, safety, comfort, communication, mobility, and efficient building operation.	Mechanical Systems	Air-Conditioning Systems	Building Utilities	ENGINEERING_SCIENCES	New	Architecture, Architectural Engineering, Mechanical Engineering	VALID
6	⚙️ Building Utilities	Understand the building service systems that support health, safety, comfort, communication, mobility, and efficient building operation.	Mechanical Systems	Heating Systems in Buildings	Building Utilities	ENGINEERING_SCIENCES	New	Architecture, Architectural Engineering, Mechanical Engineering	VALID
6	⚙️ Building Utilities	Understand the building service systems that support health, safety, comfort, communication, mobility, and efficient building operation.	Mechanical Systems	Elevators and Escalators	Building Utilities	ENGINEERING_SCIENCES	New	Architecture, Architectural Engineering, Mechanical Engineering	VALID
6	⚙️ Building Utilities	Understand the building service systems that support health, safety, comfort, communication, mobility, and efficient building operation.	Mechanical Systems	Building Mechanical Equipment	Building Utilities	ENGINEERING_SCIENCES	New	Architecture, Architectural Engineering, Mechanical Engineering	VALID
6	⚙️ Building Utilities	Understand the building service systems that support health, safety, comfort, communication, mobility, and efficient building operation.	Electrical and Lighting Systems	Fundamentals of Electrical Distribution in Building Utilities	Building Utilities	ENGINEERING_SCIENCES	Existing	Architecture, Architectural Engineering, Electrical Engineering	VALID
6	⚙️ Building Utilities	Understand the building service systems that support health, safety, comfort, communication, mobility, and efficient building operation.	Electrical and Lighting Systems	Principles and Practices of Lighting Design in Architecture	Building Utilities	ENGINEERING_SCIENCES	Existing	Architecture, Architectural Engineering, Electrical Engineering	VALID
6	⚙️ Building Utilities	Understand the building service systems that support health, safety, comfort, communication, mobility, and efficient building operation.	Electrical and Lighting Systems	Electrical Service and Distribution in Buildings	Building Utilities	ENGINEERING_SCIENCES	New	Architecture, Architectural Engineering, Electrical Engineering	VALID
6	⚙️ Building Utilities	Understand the building service systems that support health, safety, comfort, communication, mobility, and efficient building operation.	Electrical and Lighting Systems	Electrical Loads and Circuits for Buildings	Building Utilities	ENGINEERING_SCIENCES	New	Architecture, Architectural Engineering, Electrical Engineering	VALID
6	⚙️ Building Utilities	Understand the building service systems that support health, safety, comfort, communication, mobility, and efficient building operation.	Electrical and Lighting Systems	Emergency and Standby Power Systems	Building Utilities	ENGINEERING_SCIENCES	New	Architecture, Architectural Engineering, Electrical Engineering	VALID
6	⚙️ Building Utilities	Understand the building service systems that support health, safety, comfort, communication, mobility, and efficient building operation.	Electrical and Lighting Systems	Alternative Energy Systems for Buildings	Building Utilities	ENGINEERING_SCIENCES	New	Architecture, Architectural Engineering, Electrical Engineering	VALID
6	⚙️ Building Utilities	Understand the building service systems that support health, safety, comfort, communication, mobility, and efficient building operation.	Electrical and Lighting Systems	Lighting Fundamentals	Building Utilities	ENGINEERING_SCIENCES	New	Architecture, Architectural Engineering, Electrical Engineering	VALID
6	⚙️ Building Utilities	Understand the building service systems that support health, safety, comfort, communication, mobility, and efficient building operation.	Electrical and Lighting Systems	Daylighting Design	Building Utilities	ENGINEERING_SCIENCES	New	Architecture, Architectural Engineering, Electrical Engineering	VALID
6	⚙️ Building Utilities	Understand the building service systems that support health, safety, comfort, communication, mobility, and efficient building operation.	Architectural Acoustics	Fundamentals of Acoustics in Building Utilities	Building Utilities	ENGINEERING_SCIENCES	Existing	Architecture, Architectural Engineering, Interior Design	VALID
6	⚙️ Building Utilities	Understand the building service systems that support health, safety, comfort, communication, mobility, and efficient building operation.	Architectural Acoustics	Sound Transmission in Buildings	Building Utilities	ENGINEERING_SCIENCES	New	Architecture, Architectural Engineering, Interior Design	VALID
6	⚙️ Building Utilities	Understand the building service systems that support health, safety, comfort, communication, mobility, and efficient building operation.	Architectural Acoustics	Room Acoustics	Building Utilities	ENGINEERING_SCIENCES	New	Architecture, Architectural Engineering, Interior Design	VALID
6	⚙️ Building Utilities	Understand the building service systems that support health, safety, comfort, communication, mobility, and efficient building operation.	Architectural Acoustics	Acoustic Treatment and Noise Control	Building Utilities	ENGINEERING_SCIENCES	New	Architecture, Architectural Engineering, Interior Design	VALID
6	⚙️ Building Utilities	Understand the building service systems that support health, safety, comfort, communication, mobility, and efficient building operation.	Fire Protection and Life Safety	Fundamentals of Fire Protection Systems in Building Utilities	Building Utilities	ENGINEERING_SCIENCES	Existing	Architecture, Architectural Engineering	VALID
6	⚙️ Building Utilities	Understand the building service systems that support health, safety, comfort, communication, mobility, and efficient building operation.	Fire Protection and Life Safety	Fire Detection and Alarm Systems	Building Utilities	ENGINEERING_SCIENCES	New	Architecture, Architectural Engineering	VALID
6	⚙️ Building Utilities	Understand the building service systems that support health, safety, comfort, communication, mobility, and efficient building operation.	Fire Protection and Life Safety	Automatic Sprinkler Systems	Building Utilities	ENGINEERING_SCIENCES	New	Architecture, Architectural Engineering	VALID
6	⚙️ Building Utilities	Understand the building service systems that support health, safety, comfort, communication, mobility, and efficient building operation.	Fire Protection and Life Safety	Standpipes and Fire Hose Systems	Building Utilities	ENGINEERING_SCIENCES	New	Architecture, Architectural Engineering	VALID
6	⚙️ Building Utilities	Understand the building service systems that support health, safety, comfort, communication, mobility, and efficient building operation.	Fire Protection and Life Safety	Smoke Control Systems	Building Utilities	ENGINEERING_SCIENCES	New	Architecture, Architectural Engineering	VALID
6	⚙️ Building Utilities	Understand the building service systems that support health, safety, comfort, communication, mobility, and efficient building operation.	Fire Protection and Life Safety	Fire Protection Equipment	Building Utilities	ENGINEERING_SCIENCES	New	Architecture, Architectural Engineering	VALID
6	⚙️ Building Utilities	Understand the building service systems that support health, safety, comfort, communication, mobility, and efficient building operation.	Communications, Security, and Intelligent Buildings	Building Automation Systems in Architectural Design	Building Utilities	ENGINEERING_SCIENCES	Existing	Architecture, Architectural Engineering, Interior Design	VALID
6	⚙️ Building Utilities	Understand the building service systems that support health, safety, comfort, communication, mobility, and efficient building operation.	Communications, Security, and Intelligent Buildings	Building Communication Systems	Building Utilities	ENGINEERING_SCIENCES	New	Architecture, Architectural Engineering, Interior Design	VALID
6	⚙️ Building Utilities	Understand the building service systems that support health, safety, comfort, communication, mobility, and efficient building operation.	Communications, Security, and Intelligent Buildings	Data and Telecommunications Systems	Building Utilities	ENGINEERING_SCIENCES	New	Architecture, Architectural Engineering, Interior Design	VALID
6	⚙️ Building Utilities	Understand the building service systems that support health, safety, comfort, communication, mobility, and efficient building operation.	Communications, Security, and Intelligent Buildings	Security and Access Control Systems	Building Utilities	ENGINEERING_SCIENCES	New	Architecture, Architectural Engineering, Interior Design	VALID
6	⚙️ Building Utilities	Understand the building service systems that support health, safety, comfort, communication, mobility, and efficient building operation.	Communications, Security, and Intelligent Buildings	CCTV Systems	Building Utilities	ENGINEERING_SCIENCES	New	Architecture, Architectural Engineering, Interior Design	VALID
6	⚙️ Building Utilities	Understand the building service systems that support health, safety, comfort, communication, mobility, and efficient building operation.	Communications, Security, and Intelligent Buildings	Building Management Systems	Building Utilities	ENGINEERING_SCIENCES	New	Architecture, Architectural Engineering, Interior Design	VALID
6	⚙️ Building Utilities	Understand the building service systems that support health, safety, comfort, communication, mobility, and efficient building operation.	Communications, Security, and Intelligent Buildings	Intelligent Building Technologies	Building Utilities	ENGINEERING_SCIENCES	New	Architecture, Architectural Engineering, Interior Design	VALID
7	📖 Building Laws and Regulations	Master Philippine building codes, accessibility standards, fire-safety requirements, zoning controls, and other regulations governing architectural design and construction.	National Building Code Fundamentals	General Provisions of the National Building Code of the Philippines	National Building Code	PROFESSIONAL_PRACTICE_AND_REGULATION	Existing	Architecture, Civil Engineering, Interior Design	VALID
7	📖 Building Laws and Regulations	Master Philippine building codes, accessibility standards, fire-safety requirements, zoning controls, and other regulations governing architectural design and construction.	National Building Code Fundamentals	Building Permits under the National Building Code	National Building Code	PROFESSIONAL_PRACTICE_AND_REGULATION	Existing	Architecture, Civil Engineering, Interior Design	VALID
7	📖 Building Laws and Regulations	Master Philippine building codes, accessibility standards, fire-safety requirements, zoning controls, and other regulations governing architectural design and construction.	National Building Code Fundamentals	Occupancy Classifications in the National Building Code	National Building Code	PROFESSIONAL_PRACTICE_AND_REGULATION	Existing	Architecture, Civil Engineering, Interior Design	VALID
7	📖 Building Laws and Regulations	Master Philippine building codes, accessibility standards, fire-safety requirements, zoning controls, and other regulations governing architectural design and construction.	National Building Code Fundamentals	Building Codes and Occupancy Classification	National Building Code	PROFESSIONAL_PRACTICE_AND_REGULATION	Existing	Architecture, Civil Engineering, Interior Design	VALID
7	📖 Building Laws and Regulations	Master Philippine building codes, accessibility standards, fire-safety requirements, zoning controls, and other regulations governing architectural design and construction.	Building Requirements	Minimum Room Sizes in the National Building Code	National Building Code	PROFESSIONAL_PRACTICE_AND_REGULATION	Reuse	Architecture, Civil Engineering, Interior Design	VALID
7	📖 Building Laws and Regulations	Master Philippine building codes, accessibility standards, fire-safety requirements, zoning controls, and other regulations governing architectural design and construction.	Building Requirements	Light and Ventilation Requirements	National Building Code	PROFESSIONAL_PRACTICE_AND_REGULATION	Reuse	Architecture, Civil Engineering, Interior Design	VALID
7	📖 Building Laws and Regulations	Master Philippine building codes, accessibility standards, fire-safety requirements, zoning controls, and other regulations governing architectural design and construction.	Building Requirements	Maximum Building Height Regulations in the National Building Code	National Building Code	PROFESSIONAL_PRACTICE_AND_REGULATION	Reuse	Architecture, Civil Engineering, Interior Design	VALID
7	📖 Building Laws and Regulations	Master Philippine building codes, accessibility standards, fire-safety requirements, zoning controls, and other regulations governing architectural design and construction.	Building Requirements	Regulatory and Structural Constraints on Building Height	National Building Code	PROFESSIONAL_PRACTICE_AND_REGULATION	Reuse	Architecture, Civil Engineering, Interior Design	VALID
7	📖 Building Laws and Regulations	Master Philippine building codes, accessibility standards, fire-safety requirements, zoning controls, and other regulations governing architectural design and construction.	Building Requirements	Parking Requirements in Architectural Design and Urban Planning	National Building Code	PROFESSIONAL_PRACTICE_AND_REGULATION	Reuse	Architecture, Civil Engineering, Interior Design	VALID
7	📖 Building Laws and Regulations	Master Philippine building codes, accessibility standards, fire-safety requirements, zoning controls, and other regulations governing architectural design and construction.	Building Requirements	Stairway Design Standards in Architecture	National Building Code	PROFESSIONAL_PRACTICE_AND_REGULATION	Reuse	Architecture, Civil Engineering, Interior Design	VALID
7	📖 Building Laws and Regulations	Master Philippine building codes, accessibility standards, fire-safety requirements, zoning controls, and other regulations governing architectural design and construction.	Means of Egress and Fire Safety	Means of Egress in Building Design and Safety	National Building Code	PROFESSIONAL_PRACTICE_AND_REGULATION	Existing	Architecture, Civil Engineering, Interior Design	VALID
7	📖 Building Laws and Regulations	Master Philippine building codes, accessibility standards, fire-safety requirements, zoning controls, and other regulations governing architectural design and construction.	Means of Egress and Fire Safety	Fire Safety Requirements	National Building Code	PROFESSIONAL_PRACTICE_AND_REGULATION	Existing	Architecture, Civil Engineering, Interior Design	VALID
7	📖 Building Laws and Regulations	Master Philippine building codes, accessibility standards, fire-safety requirements, zoning controls, and other regulations governing architectural design and construction.	Means of Egress and Fire Safety	Fire Safety, Exits, and Egress Planning	National Building Code	PROFESSIONAL_PRACTICE_AND_REGULATION	Existing	Architecture, Civil Engineering, Interior Design	VALID
7	📖 Building Laws and Regulations	Master Philippine building codes, accessibility standards, fire-safety requirements, zoning controls, and other regulations governing architectural design and construction.	Means of Egress and Fire Safety	Exit Requirements in the National Building Code	National Building Code	PROFESSIONAL_PRACTICE_AND_REGULATION	Existing	Architecture, Civil Engineering, Interior Design	VALID
7	📖 Building Laws and Regulations	Master Philippine building codes, accessibility standards, fire-safety requirements, zoning controls, and other regulations governing architectural design and construction.	Means of Egress and Fire Safety	Exit Width Computation in Building Evacuation Design	National Building Code	PROFESSIONAL_PRACTICE_AND_REGULATION	Reuse	Architecture, Civil Engineering, Interior Design	VALID
7	📖 Building Laws and Regulations	Master Philippine building codes, accessibility standards, fire-safety requirements, zoning controls, and other regulations governing architectural design and construction.	Means of Egress and Fire Safety	Fire Zones in the National Building Code	National Building Code	PROFESSIONAL_PRACTICE_AND_REGULATION	Reuse	Architecture, Civil Engineering, Interior Design	VALID
7	📖 Building Laws and Regulations	Master Philippine building codes, accessibility standards, fire-safety requirements, zoning controls, and other regulations governing architectural design and construction.	Accessibility	Accessibility Requirements in Architectural Design	BP 344	PROFESSIONAL_PRACTICE_AND_REGULATION	Existing	Architecture, Civil Engineering, Interior Design	VALID
7	📖 Building Laws and Regulations	Master Philippine building codes, accessibility standards, fire-safety requirements, zoning controls, and other regulations governing architectural design and construction.	Accessibility	Ramp Slope Standards in Architectural Design	BP 344	PROFESSIONAL_PRACTICE_AND_REGULATION	Existing	Architecture, Civil Engineering, Interior Design	VALID
7	📖 Building Laws and Regulations	Master Philippine building codes, accessibility standards, fire-safety requirements, zoning controls, and other regulations governing architectural design and construction.	Accessibility	Design Principles and Standards for Accessible Toilets in Architecture	BP 344	PROFESSIONAL_PRACTICE_AND_REGULATION	Reuse	Architecture, Civil Engineering, Interior Design	VALID
7	📖 Building Laws and Regulations	Master Philippine building codes, accessibility standards, fire-safety requirements, zoning controls, and other regulations governing architectural design and construction.	Accessibility	Parking Requirements for Persons with Disabilities in Architectural Design	BP 344	PROFESSIONAL_PRACTICE_AND_REGULATION	Reuse	Architecture, Civil Engineering, Interior Design	VALID
7	📖 Building Laws and Regulations	Master Philippine building codes, accessibility standards, fire-safety requirements, zoning controls, and other regulations governing architectural design and construction.	Site and Development Regulations	Building Setbacks and Easements	National Building Code	PROFESSIONAL_PRACTICE_AND_REGULATION	Existing	Architecture, Civil Engineering, Interior Design	VALID
7	📖 Building Laws and Regulations	Master Philippine building codes, accessibility standards, fire-safety requirements, zoning controls, and other regulations governing architectural design and construction.	Site and Development Regulations	Zoning Regulations and Land Use Planning	National Building Code	PROFESSIONAL_PRACTICE_AND_REGULATION	Reuse	Architecture, Civil Engineering, Interior Design	VALID
7	📖 Building Laws and Regulations	Master Philippine building codes, accessibility standards, fire-safety requirements, zoning controls, and other regulations governing architectural design and construction.	Site and Development Regulations	Development Controls and Building Regulations	National Building Code	PROFESSIONAL_PRACTICE_AND_REGULATION	New	Architecture, Civil Engineering, Interior Design	VALID
7	📖 Building Laws and Regulations	Master Philippine building codes, accessibility standards, fire-safety requirements, zoning controls, and other regulations governing architectural design and construction.	Site and Development Regulations	Easements and Rights-of-Way	National Building Code	PROFESSIONAL_PRACTICE_AND_REGULATION	New	Architecture, Civil Engineering, Interior Design	VALID
7	📖 Building Laws and Regulations	Master Philippine building codes, accessibility standards, fire-safety requirements, zoning controls, and other regulations governing architectural design and construction.	Site and Development Regulations	Zoning and Locational Regulations	Building Laws and Regulations	PROFESSIONAL_PRACTICE_AND_REGULATION	New	Architecture, Civil Engineering, Interior Design	VALID
7	📖 Building Laws and Regulations	Master Philippine building codes, accessibility standards, fire-safety requirements, zoning controls, and other regulations governing architectural design and construction.	Other Philippine Building Laws and Codes	Fire Code of the Philippines	Fire Code of the Philippines	PROFESSIONAL_PRACTICE_AND_REGULATION	New	Architecture, Civil Engineering, Interior Design	VALID
7	📖 Building Laws and Regulations	Master Philippine building codes, accessibility standards, fire-safety requirements, zoning controls, and other regulations governing architectural design and construction.	Other Philippine Building Laws and Codes	Philippine Green Building Code	Philippine Green Building Code	PROFESSIONAL_PRACTICE_AND_REGULATION	New	Architecture, Civil Engineering, Interior Design	VALID
7	📖 Building Laws and Regulations	Master Philippine building codes, accessibility standards, fire-safety requirements, zoning controls, and other regulations governing architectural design and construction.	Other Philippine Building Laws and Codes	Philippine Electrical Code for Architects	Building Laws and Regulations	PROFESSIONAL_PRACTICE_AND_REGULATION	New	Architecture, Civil Engineering, Interior Design	VALID
7	📖 Building Laws and Regulations	Master Philippine building codes, accessibility standards, fire-safety requirements, zoning controls, and other regulations governing architectural design and construction.	Other Philippine Building Laws and Codes	National Plumbing Code for Architects	Building Laws and Regulations	PROFESSIONAL_PRACTICE_AND_REGULATION	New	Architecture, Civil Engineering, Interior Design	VALID
7	📖 Building Laws and Regulations	Master Philippine building codes, accessibility standards, fire-safety requirements, zoning controls, and other regulations governing architectural design and construction.	Other Philippine Building Laws and Codes	Sanitation Code Provisions for Buildings	Building Laws and Regulations	PROFESSIONAL_PRACTICE_AND_REGULATION	New	Architecture, Civil Engineering, Interior Design	VALID
7	📖 Building Laws and Regulations	Master Philippine building codes, accessibility standards, fire-safety requirements, zoning controls, and other regulations governing architectural design and construction.	Other Philippine Building Laws and Codes	Housing and Subdivision Regulations	Building Laws and Regulations	PROFESSIONAL_PRACTICE_AND_REGULATION	New	Architecture, Civil Engineering, Interior Design	VALID
8	⚖️ Architectural Practice	Master the laws, ethics, standards, contracts, services, project administration, and business responsibilities governing architectural practice in the Philippines.	Architecture Profession and RA 9266	Republic Act No. 9266 — Architecture Act of 2004	Professional Practice	PROFESSIONAL_PRACTICE_AND_REGULATION	Reuse	Architecture	VALID
8	⚖️ Architectural Practice	Master the laws, ethics, standards, contracts, services, project administration, and business responsibilities governing architectural practice in the Philippines.	Architecture Profession and RA 9266	Scope and Key Provisions of the Architecture Act of 2004	Professional Practice	PROFESSIONAL_PRACTICE_AND_REGULATION	New	Architecture	VALID
8	⚖️ Architectural Practice	Master the laws, ethics, standards, contracts, services, project administration, and business responsibilities governing architectural practice in the Philippines.	Architecture Profession and RA 9266	Registration and Licensure of Architects	Professional Practice	PROFESSIONAL_PRACTICE_AND_REGULATION	New	Architecture	VALID
8	⚖️ Architectural Practice	Master the laws, ethics, standards, contracts, services, project administration, and business responsibilities governing architectural practice in the Philippines.	Architecture Profession and RA 9266	Scope of Architectural Practice	Professional Practice	PROFESSIONAL_PRACTICE_AND_REGULATION	New	Architecture	VALID
8	⚖️ Architectural Practice	Master the laws, ethics, standards, contracts, services, project administration, and business responsibilities governing architectural practice in the Philippines.	Architecture Profession and RA 9266	Rights and Responsibilities of Architects	Professional Practice	PROFESSIONAL_PRACTICE_AND_REGULATION	New	Architecture	VALID
8	⚖️ Architectural Practice	Master the laws, ethics, standards, contracts, services, project administration, and business responsibilities governing architectural practice in the Philippines.	Architecture Profession and RA 9266	Professional Organization of Architects	Professional Practice	PROFESSIONAL_PRACTICE_AND_REGULATION	New	Architecture	VALID
8	⚖️ Architectural Practice	Master the laws, ethics, standards, contracts, services, project administration, and business responsibilities governing architectural practice in the Philippines.	Professional Ethics	Architect's Code of Ethical Conduct	Professional Practice	PROFESSIONAL_PRACTICE_AND_REGULATION	New	Architecture	VALID
8	⚖️ Architectural Practice	Master the laws, ethics, standards, contracts, services, project administration, and business responsibilities governing architectural practice in the Philippines.	Professional Ethics	Duties of Architects to the Public	Professional Practice	PROFESSIONAL_PRACTICE_AND_REGULATION	New	Architecture	VALID
8	⚖️ Architectural Practice	Master the laws, ethics, standards, contracts, services, project administration, and business responsibilities governing architectural practice in the Philippines.	Professional Ethics	Duties of Architects to Clients	Professional Practice	PROFESSIONAL_PRACTICE_AND_REGULATION	New	Architecture	VALID
8	⚖️ Architectural Practice	Master the laws, ethics, standards, contracts, services, project administration, and business responsibilities governing architectural practice in the Philippines.	Professional Ethics	Duties of Architects to Contractors	Professional Practice	PROFESSIONAL_PRACTICE_AND_REGULATION	New	Architecture	VALID
8	⚖️ Architectural Practice	Master the laws, ethics, standards, contracts, services, project administration, and business responsibilities governing architectural practice in the Philippines.	Professional Ethics	Duties of Architects to Colleagues and the Profession	Professional Practice	PROFESSIONAL_PRACTICE_AND_REGULATION	New	Architecture	VALID
8	⚖️ Architectural Practice	Master the laws, ethics, standards, contracts, services, project administration, and business responsibilities governing architectural practice in the Philippines.	Professional Ethics	Conflicts of Interest and Professional Integrity	Professional Practice	PROFESSIONAL_PRACTICE_AND_REGULATION	New	Architecture	VALID
8	⚖️ Architectural Practice	Master the laws, ethics, standards, contracts, services, project administration, and business responsibilities governing architectural practice in the Philippines.	Standards of Professional Practice	Spectrum of Architectural Services	Professional Practice	PROFESSIONAL_PRACTICE_AND_REGULATION	New	Architecture	VALID
8	⚖️ Architectural Practice	Master the laws, ethics, standards, contracts, services, project administration, and business responsibilities governing architectural practice in the Philippines.	Standards of Professional Practice	Regular Design Services	Professional Practice	PROFESSIONAL_PRACTICE_AND_REGULATION	New	Architecture	VALID
8	⚖️ Architectural Practice	Master the laws, ethics, standards, contracts, services, project administration, and business responsibilities governing architectural practice in the Philippines.	Standards of Professional Practice	Pre-Design Services	Professional Practice	PROFESSIONAL_PRACTICE_AND_REGULATION	New	Architecture	VALID
8	⚖️ Architectural Practice	Master the laws, ethics, standards, contracts, services, project administration, and business responsibilities governing architectural practice in the Philippines.	Standards of Professional Practice	Specialized Architectural Services	Professional Practice	PROFESSIONAL_PRACTICE_AND_REGULATION	New	Architecture	VALID
8	⚖️ Architectural Practice	Master the laws, ethics, standards, contracts, services, project administration, and business responsibilities governing architectural practice in the Philippines.	Standards of Professional Practice	Construction-Related Architectural Services	Professional Practice	PROFESSIONAL_PRACTICE_AND_REGULATION	New	Architecture	VALID
8	⚖️ Architectural Practice	Master the laws, ethics, standards, contracts, services, project administration, and business responsibilities governing architectural practice in the Philippines.	Standards of Professional Practice	Post-Construction Services	Professional Practice	PROFESSIONAL_PRACTICE_AND_REGULATION	New	Architecture	VALID
8	⚖️ Architectural Practice	Master the laws, ethics, standards, contracts, services, project administration, and business responsibilities governing architectural practice in the Philippines.	Standards of Professional Practice	Comprehensive Architectural Services	Professional Practice	PROFESSIONAL_PRACTICE_AND_REGULATION	New	Architecture	VALID
8	⚖️ Architectural Practice	Master the laws, ethics, standards, contracts, services, project administration, and business responsibilities governing architectural practice in the Philippines.	Fees and Agreements	Methods of Compensation for Architectural Services	Professional Practice	PROFESSIONAL_PRACTICE_AND_REGULATION	New	Architecture	VALID
8	⚖️ Architectural Practice	Master the laws, ethics, standards, contracts, services, project administration, and business responsibilities governing architectural practice in the Philippines.	Fees and Agreements	Architectural Professional Fees	Professional Practice	PROFESSIONAL_PRACTICE_AND_REGULATION	New	Architecture	VALID
8	⚖️ Architectural Practice	Master the laws, ethics, standards, contracts, services, project administration, and business responsibilities governing architectural practice in the Philippines.	Fees and Agreements	Owner-Architect Agreements	Professional Practice	PROFESSIONAL_PRACTICE_AND_REGULATION	New	Architecture	VALID
8	⚖️ Architectural Practice	Master the laws, ethics, standards, contracts, services, project administration, and business responsibilities governing architectural practice in the Philippines.	Fees and Agreements	Scope Changes and Additional Services	Professional Practice	PROFESSIONAL_PRACTICE_AND_REGULATION	New	Architecture	VALID
8	⚖️ Architectural Practice	Master the laws, ethics, standards, contracts, services, project administration, and business responsibilities governing architectural practice in the Philippines.	Contract Documents and Specifications	Architectural Contract Documents	Professional Practice	PROFESSIONAL_PRACTICE_AND_REGULATION	New	Architecture, Civil Engineering, Construction Management	VALID
8	⚖️ Architectural Practice	Master the laws, ethics, standards, contracts, services, project administration, and business responsibilities governing architectural practice in the Philippines.	Contract Documents and Specifications	Plans, Specifications, and Schedules	Professional Practice	PROFESSIONAL_PRACTICE_AND_REGULATION	New	Architecture, Civil Engineering, Construction Management	VALID
8	⚖️ Architectural Practice	Master the laws, ethics, standards, contracts, services, project administration, and business responsibilities governing architectural practice in the Philippines.	Contract Documents and Specifications	Specifications Writing	Professional Practice	PROFESSIONAL_PRACTICE_AND_REGULATION	New	Architecture, Civil Engineering, Construction Management	VALID
8	⚖️ Architectural Practice	Master the laws, ethics, standards, contracts, services, project administration, and business responsibilities governing architectural practice in the Philippines.	Contract Documents and Specifications	General and Special Conditions of Construction Contracts	Professional Practice	PROFESSIONAL_PRACTICE_AND_REGULATION	New	Architecture, Civil Engineering, Construction Management	VALID
8	⚖️ Architectural Practice	Master the laws, ethics, standards, contracts, services, project administration, and business responsibilities governing architectural practice in the Philippines.	Contract Documents and Specifications	Addenda and Supplemental Documents	Professional Practice	PROFESSIONAL_PRACTICE_AND_REGULATION	New	Architecture, Civil Engineering, Construction Management	VALID
8	⚖️ Architectural Practice	Master the laws, ethics, standards, contracts, services, project administration, and business responsibilities governing architectural practice in the Philippines.	Construction Administration	Project Communication in Engineering Project Management	Project Management	ENGINEERING_SCIENCES	Reuse	Architecture, Civil Engineering, Construction Management, Industrial Engineering	VALID
8	⚖️ Architectural Practice	Master the laws, ethics, standards, contracts, services, project administration, and business responsibilities governing architectural practice in the Philippines.	Construction Administration	Stakeholder Management in Engineering Project Management	Project Management	ENGINEERING_SCIENCES	Reuse	Architecture, Civil Engineering, Construction Management, Industrial Engineering	VALID
8	⚖️ Architectural Practice	Master the laws, ethics, standards, contracts, services, project administration, and business responsibilities governing architectural practice in the Philippines.	Construction Administration	Quality Management in Engineering Project Management	Project Management	ENGINEERING_SCIENCES	Reuse	Architecture, Civil Engineering, Construction Management, Industrial Engineering	VALID
8	⚖️ Architectural Practice	Master the laws, ethics, standards, contracts, services, project administration, and business responsibilities governing architectural practice in the Philippines.	Construction Administration	Risk Management in Engineering Project Management	Project Management	ENGINEERING_SCIENCES	Reuse	Architecture, Civil Engineering, Construction Management, Industrial Engineering	VALID
8	⚖️ Architectural Practice	Master the laws, ethics, standards, contracts, services, project administration, and business responsibilities governing architectural practice in the Philippines.	Construction Administration	Construction Project Lifecycle in Engineering Management	Construction Management	ENGINEERING_SCIENCES	Reuse	Architecture, Civil Engineering, Construction Management, Industrial Engineering	VALID
8	⚖️ Architectural Practice	Master the laws, ethics, standards, contracts, services, project administration, and business responsibilities governing architectural practice in the Philippines.	Construction Administration	Site Organization in Construction Management	Construction Management	ENGINEERING_SCIENCES	Reuse	Architecture, Civil Engineering, Construction Management, Industrial Engineering	VALID
8	⚖️ Architectural Practice	Master the laws, ethics, standards, contracts, services, project administration, and business responsibilities governing architectural practice in the Philippines.	Construction Administration	Architect's Role During Construction	Professional Practice	PROFESSIONAL_PRACTICE_AND_REGULATION	New	Architecture	VALID
8	⚖️ Architectural Practice	Master the laws, ethics, standards, contracts, services, project administration, and business responsibilities governing architectural practice in the Philippines.	Construction Administration	Submittals and Shop Drawings	Professional Practice	PROFESSIONAL_PRACTICE_AND_REGULATION	New	Architecture	VALID
8	⚖️ Architectural Practice	Master the laws, ethics, standards, contracts, services, project administration, and business responsibilities governing architectural practice in the Philippines.	Construction Administration	Requests for Information During Construction	Professional Practice	PROFESSIONAL_PRACTICE_AND_REGULATION	New	Architecture	VALID
8	⚖️ Architectural Practice	Master the laws, ethics, standards, contracts, services, project administration, and business responsibilities governing architectural practice in the Philippines.	Construction Administration	Change Orders	Professional Practice	PROFESSIONAL_PRACTICE_AND_REGULATION	New	Architecture	VALID
8	⚖️ Architectural Practice	Master the laws, ethics, standards, contracts, services, project administration, and business responsibilities governing architectural practice in the Philippines.	Construction Administration	Progress Billing and Certification	Professional Practice	PROFESSIONAL_PRACTICE_AND_REGULATION	New	Architecture	VALID
8	⚖️ Architectural Practice	Master the laws, ethics, standards, contracts, services, project administration, and business responsibilities governing architectural practice in the Philippines.	Construction Administration	Substantial and Final Completion	Professional Practice	PROFESSIONAL_PRACTICE_AND_REGULATION	New	Architecture	VALID
8	⚖️ Architectural Practice	Master the laws, ethics, standards, contracts, services, project administration, and business responsibilities governing architectural practice in the Philippines.	Construction Administration	Punch Listing and Project Turnover	Professional Practice	PROFESSIONAL_PRACTICE_AND_REGULATION	New	Architecture	VALID
8	⚖️ Architectural Practice	Master the laws, ethics, standards, contracts, services, project administration, and business responsibilities governing architectural practice in the Philippines.	Quantity Surveying and Cost	Fundamentals of Construction Cost Estimation	Construction Cost Engineering	ENGINEERING_MATHEMATICS	Reuse	Architecture, Civil Engineering, Construction Management	VALID
8	⚖️ Architectural Practice	Master the laws, ethics, standards, contracts, services, project administration, and business responsibilities governing architectural practice in the Philippines.	Quantity Surveying and Cost	Quantity Takeoff in Construction Cost Engineering	Construction Cost Engineering	ENGINEERING_MATHEMATICS	Reuse	Architecture, Civil Engineering, Construction Management	VALID
8	⚖️ Architectural Practice	Master the laws, ethics, standards, contracts, services, project administration, and business responsibilities governing architectural practice in the Philippines.	Quantity Surveying and Cost	Unit Cost Analysis in Construction Cost Engineering	Construction Cost Engineering	ENGINEERING_MATHEMATICS	Reuse	Architecture, Civil Engineering, Construction Management	VALID
8	⚖️ Architectural Practice	Master the laws, ethics, standards, contracts, services, project administration, and business responsibilities governing architectural practice in the Philippines.	Quantity Surveying and Cost	Direct and Indirect Costs in Construction Cost Engineering	Construction Cost Engineering	ENGINEERING_MATHEMATICS	Reuse	Architecture, Civil Engineering, Construction Management	VALID
8	⚖️ Architectural Practice	Master the laws, ethics, standards, contracts, services, project administration, and business responsibilities governing architectural practice in the Philippines.	Quantity Surveying and Cost	Construction Budgeting in Cost Engineering	Construction Cost Engineering	ENGINEERING_MATHEMATICS	Reuse	Architecture, Civil Engineering, Construction Management	VALID
8	⚖️ Architectural Practice	Master the laws, ethics, standards, contracts, services, project administration, and business responsibilities governing architectural practice in the Philippines.	Quantity Surveying and Cost	Value Engineering in Construction Cost Engineering	Construction Cost Engineering	ENGINEERING_MATHEMATICS	Reuse	Architecture, Civil Engineering, Construction Management	VALID
8	⚖️ Architectural Practice	Master the laws, ethics, standards, contracts, services, project administration, and business responsibilities governing architectural practice in the Philippines.	Construction Safety	Construction Hazards in Professional Practice & Regulation	Construction Safety	PROFESSIONAL_PRACTICE_AND_REGULATION	Reuse	Architecture, Civil Engineering, Construction Management	VALID
8	⚖️ Architectural Practice	Master the laws, ethics, standards, contracts, services, project administration, and business responsibilities governing architectural practice in the Philippines.	Construction Safety	Hazard Identification in Construction Safety	Construction Safety	PROFESSIONAL_PRACTICE_AND_REGULATION	Reuse	Architecture, Civil Engineering, Construction Management	VALID
8	⚖️ Architectural Practice	Master the laws, ethics, standards, contracts, services, project administration, and business responsibilities governing architectural practice in the Philippines.	Construction Safety	Risk Assessment in Construction Safety Management	Construction Safety	PROFESSIONAL_PRACTICE_AND_REGULATION	Reuse	Architecture, Civil Engineering, Construction Management	VALID
8	⚖️ Architectural Practice	Master the laws, ethics, standards, contracts, services, project administration, and business responsibilities governing architectural practice in the Philippines.	Construction Safety	Personal Protective Equipment (PPE) in Construction Safety	Construction Safety	PROFESSIONAL_PRACTICE_AND_REGULATION	Reuse	Architecture, Civil Engineering, Construction Management	VALID
8	⚖️ Architectural Practice	Master the laws, ethics, standards, contracts, services, project administration, and business responsibilities governing architectural practice in the Philippines.	Construction Safety	Occupational Safety Standards in Construction Safety	Construction Safety	PROFESSIONAL_PRACTICE_AND_REGULATION	Reuse	Architecture, Civil Engineering, Construction Management	VALID
8	⚖️ Architectural Practice	Master the laws, ethics, standards, contracts, services, project administration, and business responsibilities governing architectural practice in the Philippines.	Construction Safety	Essential Elements of Construction Safety Plans	Construction Safety	PROFESSIONAL_PRACTICE_AND_REGULATION	Reuse	Architecture, Civil Engineering, Construction Management	VALID
