plan_no	subject_plan	plan_description	section	note_title	note_subject	domain_context	status
1	📐 Engineering Mathematics	Build the mathematical foundation required for civil engineering problem-solving through algebra, trigonometry, geometry, calculus, differential equations, probability, numerical methods, and engineering economics.	Algebra	Algebraic Expressions and Operations	Algebra	ENGINEERING_MATHEMATICS	Unmapped
1	📐 Engineering Mathematics	Build the mathematical foundation required for civil engineering problem-solving through algebra, trigonometry, geometry, calculus, differential equations, probability, numerical methods, and engineering economics.	Algebra	Linear Equations and Inequalities	Algebra	ENGINEERING_MATHEMATICS	Unmapped
1	📐 Engineering Mathematics	Build the mathematical foundation required for civil engineering problem-solving through algebra, trigonometry, geometry, calculus, differential equations, probability, numerical methods, and engineering economics.	Algebra	Systems of Linear Equations	Algebra	ENGINEERING_MATHEMATICS	Unmapped
1	📐 Engineering Mathematics	Build the mathematical foundation required for civil engineering problem-solving through algebra, trigonometry, geometry, calculus, differential equations, probability, numerical methods, and engineering economics.	Algebra	Quadratic Equations	Algebra	ENGINEERING_MATHEMATICS	Unmapped
1	📐 Engineering Mathematics	Build the mathematical foundation required for civil engineering problem-solving through algebra, trigonometry, geometry, calculus, differential equations, probability, numerical methods, and engineering economics.	Algebra	Polynomial Functions	Algebra	ENGINEERING_MATHEMATICS	Unmapped
1	📐 Engineering Mathematics	Build the mathematical foundation required for civil engineering problem-solving through algebra, trigonometry, geometry, calculus, differential equations, probability, numerical methods, and engineering economics.	Algebra	Rational Expressions and Equations	Algebra	ENGINEERING_MATHEMATICS	Unmapped
1	📐 Engineering Mathematics	Build the mathematical foundation required for civil engineering problem-solving through algebra, trigonometry, geometry, calculus, differential equations, probability, numerical methods, and engineering economics.	Algebra	Exponents and Radicals	Algebra	ENGINEERING_MATHEMATICS	Unmapped
1	📐 Engineering Mathematics	Build the mathematical foundation required for civil engineering problem-solving through algebra, trigonometry, geometry, calculus, differential equations, probability, numerical methods, and engineering economics.	Algebra	Exponential and Logarithmic Functions	Algebra	ENGINEERING_MATHEMATICS	Unmapped
1	📐 Engineering Mathematics	Build the mathematical foundation required for civil engineering problem-solving through algebra, trigonometry, geometry, calculus, differential equations, probability, numerical methods, and engineering economics.	Algebra	Sequences and Series	Algebra	ENGINEERING_MATHEMATICS	Unmapped
1	📐 Engineering Mathematics	Build the mathematical foundation required for civil engineering problem-solving through algebra, trigonometry, geometry, calculus, differential equations, probability, numerical methods, and engineering economics.	Trigonometry	Angles and Trigonometric Functions	Trigonometry	ENGINEERING_MATHEMATICS	Unmapped
1	📐 Engineering Mathematics	Build the mathematical foundation required for civil engineering problem-solving through algebra, trigonometry, geometry, calculus, differential equations, probability, numerical methods, and engineering economics.	Trigonometry	Trigonometric Ratios	Trigonometry	ENGINEERING_MATHEMATICS	Unmapped
1	📐 Engineering Mathematics	Build the mathematical foundation required for civil engineering problem-solving through algebra, trigonometry, geometry, calculus, differential equations, probability, numerical methods, and engineering economics.	Trigonometry	Unit Circle and Standard Angles	Trigonometry	ENGINEERING_MATHEMATICS	Unmapped
1	📐 Engineering Mathematics	Build the mathematical foundation required for civil engineering problem-solving through algebra, trigonometry, geometry, calculus, differential equations, probability, numerical methods, and engineering economics.	Trigonometry	Trigonometric Identities	Trigonometry	ENGINEERING_MATHEMATICS	Unmapped
1	📐 Engineering Mathematics	Build the mathematical foundation required for civil engineering problem-solving through algebra, trigonometry, geometry, calculus, differential equations, probability, numerical methods, and engineering economics.	Trigonometry	Inverse Trigonometric Functions	Trigonometry	ENGINEERING_MATHEMATICS	Unmapped
1	📐 Engineering Mathematics	Build the mathematical foundation required for civil engineering problem-solving through algebra, trigonometry, geometry, calculus, differential equations, probability, numerical methods, and engineering economics.	Trigonometry	Laws of Sines and Cosines	Trigonometry	ENGINEERING_MATHEMATICS	Unmapped
1	📐 Engineering Mathematics	Build the mathematical foundation required for civil engineering problem-solving through algebra, trigonometry, geometry, calculus, differential equations, probability, numerical methods, and engineering economics.	Trigonometry	Solving Oblique Triangles	Trigonometry	ENGINEERING_MATHEMATICS	Unmapped
1	📐 Engineering Mathematics	Build the mathematical foundation required for civil engineering problem-solving through algebra, trigonometry, geometry, calculus, differential equations, probability, numerical methods, and engineering economics.	Trigonometry	Engineering Applications of Trigonometry	Trigonometry	ENGINEERING_MATHEMATICS	Unmapped
1	📐 Engineering Mathematics	Build the mathematical foundation required for civil engineering problem-solving through algebra, trigonometry, geometry, calculus, differential equations, probability, numerical methods, and engineering economics.	Analytic Geometry	Cartesian Coordinate System	Analytic Geometry	ENGINEERING_MATHEMATICS	Unmapped
1	📐 Engineering Mathematics	Build the mathematical foundation required for civil engineering problem-solving through algebra, trigonometry, geometry, calculus, differential equations, probability, numerical methods, and engineering economics.	Analytic Geometry	Distance, Midpoint, and Section Formulas	Analytic Geometry	ENGINEERING_MATHEMATICS	Unmapped
1	📐 Engineering Mathematics	Build the mathematical foundation required for civil engineering problem-solving through algebra, trigonometry, geometry, calculus, differential equations, probability, numerical methods, and engineering economics.	Analytic Geometry	Straight Lines and Slopes	Analytic Geometry	ENGINEERING_MATHEMATICS	Unmapped
1	📐 Engineering Mathematics	Build the mathematical foundation required for civil engineering problem-solving through algebra, trigonometry, geometry, calculus, differential equations, probability, numerical methods, and engineering economics.	Analytic Geometry	Circles	Analytic Geometry	ENGINEERING_MATHEMATICS	Unmapped
1	📐 Engineering Mathematics	Build the mathematical foundation required for civil engineering problem-solving through algebra, trigonometry, geometry, calculus, differential equations, probability, numerical methods, and engineering economics.	Analytic Geometry	Parabolas	Analytic Geometry	ENGINEERING_MATHEMATICS	Unmapped
1	📐 Engineering Mathematics	Build the mathematical foundation required for civil engineering problem-solving through algebra, trigonometry, geometry, calculus, differential equations, probability, numerical methods, and engineering economics.	Analytic Geometry	Ellipses	Analytic Geometry	ENGINEERING_MATHEMATICS	Unmapped
1	📐 Engineering Mathematics	Build the mathematical foundation required for civil engineering problem-solving through algebra, trigonometry, geometry, calculus, differential equations, probability, numerical methods, and engineering economics.	Analytic Geometry	Hyperbolas	Analytic Geometry	ENGINEERING_MATHEMATICS	Unmapped
1	📐 Engineering Mathematics	Build the mathematical foundation required for civil engineering problem-solving through algebra, trigonometry, geometry, calculus, differential equations, probability, numerical methods, and engineering economics.	Analytic Geometry	Polar Coordinates	Analytic Geometry	ENGINEERING_MATHEMATICS	Unmapped
1	📐 Engineering Mathematics	Build the mathematical foundation required for civil engineering problem-solving through algebra, trigonometry, geometry, calculus, differential equations, probability, numerical methods, and engineering economics.	Differential Calculus	Functions and Limits	Calculus	ENGINEERING_MATHEMATICS	Unmapped
1	📐 Engineering Mathematics	Build the mathematical foundation required for civil engineering problem-solving through algebra, trigonometry, geometry, calculus, differential equations, probability, numerical methods, and engineering economics.	Differential Calculus	Continuity	Calculus	ENGINEERING_MATHEMATICS	Unmapped
1	📐 Engineering Mathematics	Build the mathematical foundation required for civil engineering problem-solving through algebra, trigonometry, geometry, calculus, differential equations, probability, numerical methods, and engineering economics.	Differential Calculus	Derivatives and Differentiation Rules	Calculus	ENGINEERING_MATHEMATICS	Unmapped
1	📐 Engineering Mathematics	Build the mathematical foundation required for civil engineering problem-solving through algebra, trigonometry, geometry, calculus, differential equations, probability, numerical methods, and engineering economics.	Differential Calculus	Implicit Differentiation	Calculus	ENGINEERING_MATHEMATICS	Unmapped
1	📐 Engineering Mathematics	Build the mathematical foundation required for civil engineering problem-solving through algebra, trigonometry, geometry, calculus, differential equations, probability, numerical methods, and engineering economics.	Differential Calculus	Higher-Order Derivatives	Calculus	ENGINEERING_MATHEMATICS	Unmapped
1	📐 Engineering Mathematics	Build the mathematical foundation required for civil engineering problem-solving through algebra, trigonometry, geometry, calculus, differential equations, probability, numerical methods, and engineering economics.	Differential Calculus	Partial Derivatives	Calculus	ENGINEERING_MATHEMATICS	Unmapped
1	📐 Engineering Mathematics	Build the mathematical foundation required for civil engineering problem-solving through algebra, trigonometry, geometry, calculus, differential equations, probability, numerical methods, and engineering economics.	Differential Calculus	Related Rates	Calculus	ENGINEERING_MATHEMATICS	Unmapped
1	📐 Engineering Mathematics	Build the mathematical foundation required for civil engineering problem-solving through algebra, trigonometry, geometry, calculus, differential equations, probability, numerical methods, and engineering economics.	Differential Calculus	Maxima and Minima	Calculus	ENGINEERING_MATHEMATICS	Unmapped
1	📐 Engineering Mathematics	Build the mathematical foundation required for civil engineering problem-solving through algebra, trigonometry, geometry, calculus, differential equations, probability, numerical methods, and engineering economics.	Differential Calculus	Curve Sketching	Calculus	ENGINEERING_MATHEMATICS	Unmapped
1	📐 Engineering Mathematics	Build the mathematical foundation required for civil engineering problem-solving through algebra, trigonometry, geometry, calculus, differential equations, probability, numerical methods, and engineering economics.	Differential Calculus	Engineering Applications of Derivatives	Calculus	ENGINEERING_MATHEMATICS	Unmapped
1	📐 Engineering Mathematics	Build the mathematical foundation required for civil engineering problem-solving through algebra, trigonometry, geometry, calculus, differential equations, probability, numerical methods, and engineering economics.	Integral Calculus	Indefinite Integrals	Calculus	ENGINEERING_MATHEMATICS	Unmapped
1	📐 Engineering Mathematics	Build the mathematical foundation required for civil engineering problem-solving through algebra, trigonometry, geometry, calculus, differential equations, probability, numerical methods, and engineering economics.	Integral Calculus	Definite Integrals	Calculus	ENGINEERING_MATHEMATICS	Unmapped
1	📐 Engineering Mathematics	Build the mathematical foundation required for civil engineering problem-solving through algebra, trigonometry, geometry, calculus, differential equations, probability, numerical methods, and engineering economics.	Integral Calculus	Fundamental Theorem of Calculus	Calculus	ENGINEERING_MATHEMATICS	Unmapped
1	📐 Engineering Mathematics	Build the mathematical foundation required for civil engineering problem-solving through algebra, trigonometry, geometry, calculus, differential equations, probability, numerical methods, and engineering economics.	Integral Calculus	Techniques of Integration	Calculus	ENGINEERING_MATHEMATICS	Unmapped
1	📐 Engineering Mathematics	Build the mathematical foundation required for civil engineering problem-solving through algebra, trigonometry, geometry, calculus, differential equations, probability, numerical methods, and engineering economics.	Integral Calculus	Areas Under and Between Curves	Calculus	ENGINEERING_MATHEMATICS	Unmapped
1	📐 Engineering Mathematics	Build the mathematical foundation required for civil engineering problem-solving through algebra, trigonometry, geometry, calculus, differential equations, probability, numerical methods, and engineering economics.	Integral Calculus	Volumes of Solids	Calculus	ENGINEERING_MATHEMATICS	Unmapped
1	📐 Engineering Mathematics	Build the mathematical foundation required for civil engineering problem-solving through algebra, trigonometry, geometry, calculus, differential equations, probability, numerical methods, and engineering economics.	Integral Calculus	Centroids Using Integration	Calculus	ENGINEERING_MATHEMATICS	Unmapped
1	📐 Engineering Mathematics	Build the mathematical foundation required for civil engineering problem-solving through algebra, trigonometry, geometry, calculus, differential equations, probability, numerical methods, and engineering economics.	Integral Calculus	Moments of Inertia Using Integration	Calculus	ENGINEERING_MATHEMATICS	Unmapped
1	📐 Engineering Mathematics	Build the mathematical foundation required for civil engineering problem-solving through algebra, trigonometry, geometry, calculus, differential equations, probability, numerical methods, and engineering economics.	Integral Calculus	Engineering Applications of Integration	Calculus	ENGINEERING_MATHEMATICS	Unmapped
1	📐 Engineering Mathematics	Build the mathematical foundation required for civil engineering problem-solving through algebra, trigonometry, geometry, calculus, differential equations, probability, numerical methods, and engineering economics.	Differential Equations	Introduction to Differential Equations	Differential Equations	ENGINEERING_MATHEMATICS	Unmapped
1	📐 Engineering Mathematics	Build the mathematical foundation required for civil engineering problem-solving through algebra, trigonometry, geometry, calculus, differential equations, probability, numerical methods, and engineering economics.	Differential Equations	First-Order Differential Equations	Differential Equations	ENGINEERING_MATHEMATICS	Unmapped
1	📐 Engineering Mathematics	Build the mathematical foundation required for civil engineering problem-solving through algebra, trigonometry, geometry, calculus, differential equations, probability, numerical methods, and engineering economics.	Differential Equations	Separable Differential Equations	Differential Equations	ENGINEERING_MATHEMATICS	Unmapped
1	📐 Engineering Mathematics	Build the mathematical foundation required for civil engineering problem-solving through algebra, trigonometry, geometry, calculus, differential equations, probability, numerical methods, and engineering economics.	Differential Equations	Linear First-Order Differential Equations	Differential Equations	ENGINEERING_MATHEMATICS	Unmapped
1	📐 Engineering Mathematics	Build the mathematical foundation required for civil engineering problem-solving through algebra, trigonometry, geometry, calculus, differential equations, probability, numerical methods, and engineering economics.	Differential Equations	Second-Order Differential Equations	Differential Equations	ENGINEERING_MATHEMATICS	Unmapped
1	📐 Engineering Mathematics	Build the mathematical foundation required for civil engineering problem-solving through algebra, trigonometry, geometry, calculus, differential equations, probability, numerical methods, and engineering economics.	Differential Equations	Higher-Order Differential Equations	Differential Equations	ENGINEERING_MATHEMATICS	Unmapped
1	📐 Engineering Mathematics	Build the mathematical foundation required for civil engineering problem-solving through algebra, trigonometry, geometry, calculus, differential equations, probability, numerical methods, and engineering economics.	Differential Equations	Engineering Applications of Differential Equations	Differential Equations	ENGINEERING_MATHEMATICS	Unmapped
1	📐 Engineering Mathematics	Build the mathematical foundation required for civil engineering problem-solving through algebra, trigonometry, geometry, calculus, differential equations, probability, numerical methods, and engineering economics.	Probability and Engineering Data Analysis	Descriptive Statistics	Engineering Data Analysis	ENGINEERING_MATHEMATICS	Unmapped
1	📐 Engineering Mathematics	Build the mathematical foundation required for civil engineering problem-solving through algebra, trigonometry, geometry, calculus, differential equations, probability, numerical methods, and engineering economics.	Probability and Engineering Data Analysis	Fundamentals of Probability	Engineering Data Analysis	ENGINEERING_MATHEMATICS	Unmapped
1	📐 Engineering Mathematics	Build the mathematical foundation required for civil engineering problem-solving through algebra, trigonometry, geometry, calculus, differential equations, probability, numerical methods, and engineering economics.	Probability and Engineering Data Analysis	Random Variables	Engineering Data Analysis	ENGINEERING_MATHEMATICS	Unmapped
1	📐 Engineering Mathematics	Build the mathematical foundation required for civil engineering problem-solving through algebra, trigonometry, geometry, calculus, differential equations, probability, numerical methods, and engineering economics.	Probability and Engineering Data Analysis	Probability Distributions	Engineering Data Analysis	ENGINEERING_MATHEMATICS	Unmapped
1	📐 Engineering Mathematics	Build the mathematical foundation required for civil engineering problem-solving through algebra, trigonometry, geometry, calculus, differential equations, probability, numerical methods, and engineering economics.	Probability and Engineering Data Analysis	Normal Distribution	Engineering Data Analysis	ENGINEERING_MATHEMATICS	Unmapped
1	📐 Engineering Mathematics	Build the mathematical foundation required for civil engineering problem-solving through algebra, trigonometry, geometry, calculus, differential equations, probability, numerical methods, and engineering economics.	Probability and Engineering Data Analysis	Sampling and Estimation	Engineering Data Analysis	ENGINEERING_MATHEMATICS	Unmapped
1	📐 Engineering Mathematics	Build the mathematical foundation required for civil engineering problem-solving through algebra, trigonometry, geometry, calculus, differential equations, probability, numerical methods, and engineering economics.	Probability and Engineering Data Analysis	Hypothesis Testing	Engineering Data Analysis	ENGINEERING_MATHEMATICS	Unmapped
1	📐 Engineering Mathematics	Build the mathematical foundation required for civil engineering problem-solving through algebra, trigonometry, geometry, calculus, differential equations, probability, numerical methods, and engineering economics.	Probability and Engineering Data Analysis	Correlation and Regression	Engineering Data Analysis	ENGINEERING_MATHEMATICS	Unmapped
1	📐 Engineering Mathematics	Build the mathematical foundation required for civil engineering problem-solving through algebra, trigonometry, geometry, calculus, differential equations, probability, numerical methods, and engineering economics.	Numerical Methods	Errors and Approximations	Numerical Methods	ENGINEERING_MATHEMATICS	Unmapped
1	📐 Engineering Mathematics	Build the mathematical foundation required for civil engineering problem-solving through algebra, trigonometry, geometry, calculus, differential equations, probability, numerical methods, and engineering economics.	Numerical Methods	Roots of Nonlinear Equations	Numerical Methods	ENGINEERING_MATHEMATICS	Unmapped
1	📐 Engineering Mathematics	Build the mathematical foundation required for civil engineering problem-solving through algebra, trigonometry, geometry, calculus, differential equations, probability, numerical methods, and engineering economics.	Numerical Methods	Systems of Linear Equations	Numerical Methods	ENGINEERING_MATHEMATICS	Unmapped
1	📐 Engineering Mathematics	Build the mathematical foundation required for civil engineering problem-solving through algebra, trigonometry, geometry, calculus, differential equations, probability, numerical methods, and engineering economics.	Numerical Methods	Interpolation	Numerical Methods	ENGINEERING_MATHEMATICS	Unmapped
1	📐 Engineering Mathematics	Build the mathematical foundation required for civil engineering problem-solving through algebra, trigonometry, geometry, calculus, differential equations, probability, numerical methods, and engineering economics.	Numerical Methods	Curve Fitting	Numerical Methods	ENGINEERING_MATHEMATICS	Unmapped
1	📐 Engineering Mathematics	Build the mathematical foundation required for civil engineering problem-solving through algebra, trigonometry, geometry, calculus, differential equations, probability, numerical methods, and engineering economics.	Numerical Methods	Numerical Differentiation	Numerical Methods	ENGINEERING_MATHEMATICS	Unmapped
1	📐 Engineering Mathematics	Build the mathematical foundation required for civil engineering problem-solving through algebra, trigonometry, geometry, calculus, differential equations, probability, numerical methods, and engineering economics.	Numerical Methods	Numerical Integration	Numerical Methods	ENGINEERING_MATHEMATICS	Unmapped
1	📐 Engineering Mathematics	Build the mathematical foundation required for civil engineering problem-solving through algebra, trigonometry, geometry, calculus, differential equations, probability, numerical methods, and engineering economics.	Numerical Methods	Numerical Solution of Differential Equations	Numerical Methods	ENGINEERING_MATHEMATICS	Unmapped
1	📐 Engineering Mathematics	Build the mathematical foundation required for civil engineering problem-solving through algebra, trigonometry, geometry, calculus, differential equations, probability, numerical methods, and engineering economics.	Engineering Economics	Simple and Compound Interest	Engineering Economics	ENGINEERING_MATHEMATICS	Unmapped
1	📐 Engineering Mathematics	Build the mathematical foundation required for civil engineering problem-solving through algebra, trigonometry, geometry, calculus, differential equations, probability, numerical methods, and engineering economics.	Engineering Economics	Time Value of Money	Engineering Economics	ENGINEERING_MATHEMATICS	Unmapped
1	📐 Engineering Mathematics	Build the mathematical foundation required for civil engineering problem-solving through algebra, trigonometry, geometry, calculus, differential equations, probability, numerical methods, and engineering economics.	Engineering Economics	Cash Flow Diagrams	Engineering Economics	ENGINEERING_MATHEMATICS	Unmapped
1	📐 Engineering Mathematics	Build the mathematical foundation required for civil engineering problem-solving through algebra, trigonometry, geometry, calculus, differential equations, probability, numerical methods, and engineering economics.	Engineering Economics	Present Worth Analysis	Engineering Economics	ENGINEERING_MATHEMATICS	Unmapped
1	📐 Engineering Mathematics	Build the mathematical foundation required for civil engineering problem-solving through algebra, trigonometry, geometry, calculus, differential equations, probability, numerical methods, and engineering economics.	Engineering Economics	Future Worth Analysis	Engineering Economics	ENGINEERING_MATHEMATICS	Unmapped
1	📐 Engineering Mathematics	Build the mathematical foundation required for civil engineering problem-solving through algebra, trigonometry, geometry, calculus, differential equations, probability, numerical methods, and engineering economics.	Engineering Economics	Annual Worth Analysis	Engineering Economics	ENGINEERING_MATHEMATICS	Unmapped
1	📐 Engineering Mathematics	Build the mathematical foundation required for civil engineering problem-solving through algebra, trigonometry, geometry, calculus, differential equations, probability, numerical methods, and engineering economics.	Engineering Economics	Rate of Return	Engineering Economics	ENGINEERING_MATHEMATICS	Unmapped
1	📐 Engineering Mathematics	Build the mathematical foundation required for civil engineering problem-solving through algebra, trigonometry, geometry, calculus, differential equations, probability, numerical methods, and engineering economics.	Engineering Economics	Benefit-Cost Analysis	Engineering Economics	ENGINEERING_MATHEMATICS	Unmapped
1	📐 Engineering Mathematics	Build the mathematical foundation required for civil engineering problem-solving through algebra, trigonometry, geometry, calculus, differential equations, probability, numerical methods, and engineering economics.	Engineering Economics	Depreciation	Engineering Economics	ENGINEERING_MATHEMATICS	Unmapped
1	📐 Engineering Mathematics	Build the mathematical foundation required for civil engineering problem-solving through algebra, trigonometry, geometry, calculus, differential equations, probability, numerical methods, and engineering economics.	Engineering Economics	Break-Even Analysis	Engineering Economics	ENGINEERING_MATHEMATICS	Unmapped
1	📐 Engineering Mathematics	Build the mathematical foundation required for civil engineering problem-solving through algebra, trigonometry, geometry, calculus, differential equations, probability, numerical methods, and engineering economics.	Engineering Economics	Replacement Analysis	Engineering Economics	ENGINEERING_MATHEMATICS	Unmapped
2	⚙️ Engineering Mechanics	Develop a strong understanding of forces, equilibrium, structural behavior, friction, centroids, moments of inertia, and energy principles used to analyze engineering systems.	Vector Mechanics	Scalars and Vectors	Engineering Mechanics	ENGINEERING_SCIENCES	Unmapped
2	⚙️ Engineering Mechanics	Develop a strong understanding of forces, equilibrium, structural behavior, friction, centroids, moments of inertia, and energy principles used to analyze engineering systems.	Vector Mechanics	Vector Addition and Subtraction	Engineering Mechanics	ENGINEERING_SCIENCES	Unmapped
2	⚙️ Engineering Mechanics	Develop a strong understanding of forces, equilibrium, structural behavior, friction, centroids, moments of inertia, and energy principles used to analyze engineering systems.	Vector Mechanics	Cartesian Vector Components	Engineering Mechanics	ENGINEERING_SCIENCES	Unmapped
2	⚙️ Engineering Mechanics	Develop a strong understanding of forces, equilibrium, structural behavior, friction, centroids, moments of inertia, and energy principles used to analyze engineering systems.	Vector Mechanics	Unit Vectors	Engineering Mechanics	ENGINEERING_SCIENCES	Unmapped
2	⚙️ Engineering Mechanics	Develop a strong understanding of forces, equilibrium, structural behavior, friction, centroids, moments of inertia, and energy principles used to analyze engineering systems.	Vector Mechanics	Dot Product	Engineering Mechanics	ENGINEERING_SCIENCES	Unmapped
2	⚙️ Engineering Mechanics	Develop a strong understanding of forces, equilibrium, structural behavior, friction, centroids, moments of inertia, and energy principles used to analyze engineering systems.	Vector Mechanics	Cross Product	Engineering Mechanics	ENGINEERING_SCIENCES	Unmapped
2	⚙️ Engineering Mechanics	Develop a strong understanding of forces, equilibrium, structural behavior, friction, centroids, moments of inertia, and energy principles used to analyze engineering systems.	Vector Mechanics	Position Vectors	Engineering Mechanics	ENGINEERING_SCIENCES	Unmapped
2	⚙️ Engineering Mechanics	Develop a strong understanding of forces, equilibrium, structural behavior, friction, centroids, moments of inertia, and energy principles used to analyze engineering systems.	Force Systems	Forces and Force Components	Engineering Mechanics	ENGINEERING_SCIENCES	Unmapped
2	⚙️ Engineering Mechanics	Develop a strong understanding of forces, equilibrium, structural behavior, friction, centroids, moments of inertia, and energy principles used to analyze engineering systems.	Force Systems	Concurrent Force Systems	Engineering Mechanics	ENGINEERING_SCIENCES	Unmapped
2	⚙️ Engineering Mechanics	Develop a strong understanding of forces, equilibrium, structural behavior, friction, centroids, moments of inertia, and energy principles used to analyze engineering systems.	Force Systems	Parallel Force Systems	Engineering Mechanics	ENGINEERING_SCIENCES	Unmapped
2	⚙️ Engineering Mechanics	Develop a strong understanding of forces, equilibrium, structural behavior, friction, centroids, moments of inertia, and energy principles used to analyze engineering systems.	Force Systems	Non-Concurrent Force Systems	Engineering Mechanics	ENGINEERING_SCIENCES	Unmapped
2	⚙️ Engineering Mechanics	Develop a strong understanding of forces, equilibrium, structural behavior, friction, centroids, moments of inertia, and energy principles used to analyze engineering systems.	Force Systems	Resultant of Force Systems	Engineering Mechanics	ENGINEERING_SCIENCES	Unmapped
2	⚙️ Engineering Mechanics	Develop a strong understanding of forces, equilibrium, structural behavior, friction, centroids, moments of inertia, and energy principles used to analyze engineering systems.	Force Systems	Moments of Forces	Engineering Mechanics	ENGINEERING_SCIENCES	Unmapped
2	⚙️ Engineering Mechanics	Develop a strong understanding of forces, equilibrium, structural behavior, friction, centroids, moments of inertia, and energy principles used to analyze engineering systems.	Force Systems	Couples and Couple Moments	Engineering Mechanics	ENGINEERING_SCIENCES	Unmapped
2	⚙️ Engineering Mechanics	Develop a strong understanding of forces, equilibrium, structural behavior, friction, centroids, moments of inertia, and energy principles used to analyze engineering systems.	Force Systems	Equivalent Force-Couple Systems	Engineering Mechanics	ENGINEERING_SCIENCES	Unmapped
2	⚙️ Engineering Mechanics	Develop a strong understanding of forces, equilibrium, structural behavior, friction, centroids, moments of inertia, and energy principles used to analyze engineering systems.	Equilibrium	Free-Body Diagrams	Engineering Mechanics	ENGINEERING_SCIENCES	Unmapped
2	⚙️ Engineering Mechanics	Develop a strong understanding of forces, equilibrium, structural behavior, friction, centroids, moments of inertia, and energy principles used to analyze engineering systems.	Equilibrium	Equilibrium of Particles	Engineering Mechanics	ENGINEERING_SCIENCES	Unmapped
2	⚙️ Engineering Mechanics	Develop a strong understanding of forces, equilibrium, structural behavior, friction, centroids, moments of inertia, and energy principles used to analyze engineering systems.	Equilibrium	Two-Dimensional Rigid Body Equilibrium	Engineering Mechanics	ENGINEERING_SCIENCES	Unmapped
2	⚙️ Engineering Mechanics	Develop a strong understanding of forces, equilibrium, structural behavior, friction, centroids, moments of inertia, and energy principles used to analyze engineering systems.	Equilibrium	Three-Dimensional Rigid Body Equilibrium	Engineering Mechanics	ENGINEERING_SCIENCES	Unmapped
2	⚙️ Engineering Mechanics	Develop a strong understanding of forces, equilibrium, structural behavior, friction, centroids, moments of inertia, and energy principles used to analyze engineering systems.	Equilibrium	Support Reactions	Engineering Mechanics	ENGINEERING_SCIENCES	Unmapped
2	⚙️ Engineering Mechanics	Develop a strong understanding of forces, equilibrium, structural behavior, friction, centroids, moments of inertia, and energy principles used to analyze engineering systems.	Trusses, Frames, and Machines	Truss Fundamentals and Assumptions	Engineering Mechanics	ENGINEERING_SCIENCES	Unmapped
2	⚙️ Engineering Mechanics	Develop a strong understanding of forces, equilibrium, structural behavior, friction, centroids, moments of inertia, and energy principles used to analyze engineering systems.	Trusses, Frames, and Machines	Method of Joints	Engineering Mechanics	ENGINEERING_SCIENCES	Unmapped
2	⚙️ Engineering Mechanics	Develop a strong understanding of forces, equilibrium, structural behavior, friction, centroids, moments of inertia, and energy principles used to analyze engineering systems.	Trusses, Frames, and Machines	Method of Sections	Engineering Mechanics	ENGINEERING_SCIENCES	Unmapped
2	⚙️ Engineering Mechanics	Develop a strong understanding of forces, equilibrium, structural behavior, friction, centroids, moments of inertia, and energy principles used to analyze engineering systems.	Trusses, Frames, and Machines	Zero-Force Members	Engineering Mechanics	ENGINEERING_SCIENCES	Unmapped
2	⚙️ Engineering Mechanics	Develop a strong understanding of forces, equilibrium, structural behavior, friction, centroids, moments of inertia, and energy principles used to analyze engineering systems.	Trusses, Frames, and Machines	Compound Trusses	Engineering Mechanics	ENGINEERING_SCIENCES	Unmapped
2	⚙️ Engineering Mechanics	Develop a strong understanding of forces, equilibrium, structural behavior, friction, centroids, moments of inertia, and energy principles used to analyze engineering systems.	Trusses, Frames, and Machines	Space Trusses	Engineering Mechanics	ENGINEERING_SCIENCES	Unmapped
2	⚙️ Engineering Mechanics	Develop a strong understanding of forces, equilibrium, structural behavior, friction, centroids, moments of inertia, and energy principles used to analyze engineering systems.	Trusses, Frames, and Machines	Analysis of Frames	Engineering Mechanics	ENGINEERING_SCIENCES	Unmapped
2	⚙️ Engineering Mechanics	Develop a strong understanding of forces, equilibrium, structural behavior, friction, centroids, moments of inertia, and energy principles used to analyze engineering systems.	Trusses, Frames, and Machines	Analysis of Machines	Engineering Mechanics	ENGINEERING_SCIENCES	Unmapped
2	⚙️ Engineering Mechanics	Develop a strong understanding of forces, equilibrium, structural behavior, friction, centroids, moments of inertia, and energy principles used to analyze engineering systems.	Trusses, Frames, and Machines	Internal Forces in Structural Members	Engineering Mechanics	ENGINEERING_SCIENCES	Unmapped
2	⚙️ Engineering Mechanics	Develop a strong understanding of forces, equilibrium, structural behavior, friction, centroids, moments of inertia, and energy principles used to analyze engineering systems.	Friction	Fundamentals of Dry Friction	Engineering Mechanics	ENGINEERING_SCIENCES	Unmapped
2	⚙️ Engineering Mechanics	Develop a strong understanding of forces, equilibrium, structural behavior, friction, centroids, moments of inertia, and energy principles used to analyze engineering systems.	Friction	Static and Kinetic Friction	Engineering Mechanics	ENGINEERING_SCIENCES	Unmapped
2	⚙️ Engineering Mechanics	Develop a strong understanding of forces, equilibrium, structural behavior, friction, centroids, moments of inertia, and energy principles used to analyze engineering systems.	Friction	Inclined Plane Friction	Engineering Mechanics	ENGINEERING_SCIENCES	Unmapped
2	⚙️ Engineering Mechanics	Develop a strong understanding of forces, equilibrium, structural behavior, friction, centroids, moments of inertia, and energy principles used to analyze engineering systems.	Friction	Wedge Friction	Engineering Mechanics	ENGINEERING_SCIENCES	Unmapped
2	⚙️ Engineering Mechanics	Develop a strong understanding of forces, equilibrium, structural behavior, friction, centroids, moments of inertia, and energy principles used to analyze engineering systems.	Friction	Belt Friction	Engineering Mechanics	ENGINEERING_SCIENCES	Unmapped
2	⚙️ Engineering Mechanics	Develop a strong understanding of forces, equilibrium, structural behavior, friction, centroids, moments of inertia, and energy principles used to analyze engineering systems.	Friction	Screw Friction	Engineering Mechanics	ENGINEERING_SCIENCES	Unmapped
2	⚙️ Engineering Mechanics	Develop a strong understanding of forces, equilibrium, structural behavior, friction, centroids, moments of inertia, and energy principles used to analyze engineering systems.	Centroids and Centers of Gravity	Centroids of Lines and Areas	Engineering Mechanics	ENGINEERING_SCIENCES	Unmapped
2	⚙️ Engineering Mechanics	Develop a strong understanding of forces, equilibrium, structural behavior, friction, centroids, moments of inertia, and energy principles used to analyze engineering systems.	Centroids and Centers of Gravity	Composite Areas	Engineering Mechanics	ENGINEERING_SCIENCES	Unmapped
2	⚙️ Engineering Mechanics	Develop a strong understanding of forces, equilibrium, structural behavior, friction, centroids, moments of inertia, and energy principles used to analyze engineering systems.	Centroids and Centers of Gravity	Centers of Gravity	Engineering Mechanics	ENGINEERING_SCIENCES	Unmapped
2	⚙️ Engineering Mechanics	Develop a strong understanding of forces, equilibrium, structural behavior, friction, centroids, moments of inertia, and energy principles used to analyze engineering systems.	Centroids and Centers of Gravity	Distributed Loads	Engineering Mechanics	ENGINEERING_SCIENCES	Unmapped
2	⚙️ Engineering Mechanics	Develop a strong understanding of forces, equilibrium, structural behavior, friction, centroids, moments of inertia, and energy principles used to analyze engineering systems.	Moments of Inertia	Area Moment of Inertia	Engineering Mechanics	ENGINEERING_SCIENCES	Unmapped
2	⚙️ Engineering Mechanics	Develop a strong understanding of forces, equilibrium, structural behavior, friction, centroids, moments of inertia, and energy principles used to analyze engineering systems.	Moments of Inertia	Polar Moment of Inertia	Engineering Mechanics	ENGINEERING_SCIENCES	Unmapped
2	⚙️ Engineering Mechanics	Develop a strong understanding of forces, equilibrium, structural behavior, friction, centroids, moments of inertia, and energy principles used to analyze engineering systems.	Moments of Inertia	Radius of Gyration	Engineering Mechanics	ENGINEERING_SCIENCES	Unmapped
2	⚙️ Engineering Mechanics	Develop a strong understanding of forces, equilibrium, structural behavior, friction, centroids, moments of inertia, and energy principles used to analyze engineering systems.	Moments of Inertia	Parallel Axis Theorem	Engineering Mechanics	ENGINEERING_SCIENCES	Unmapped
2	⚙️ Engineering Mechanics	Develop a strong understanding of forces, equilibrium, structural behavior, friction, centroids, moments of inertia, and energy principles used to analyze engineering systems.	Moments of Inertia	Composite Areas and Moments of Inertia	Engineering Mechanics	ENGINEERING_SCIENCES	Unmapped
2	⚙️ Engineering Mechanics	Develop a strong understanding of forces, equilibrium, structural behavior, friction, centroids, moments of inertia, and energy principles used to analyze engineering systems.	Moments of Inertia	Mass Moment of Inertia	Engineering Mechanics	ENGINEERING_SCIENCES	Unmapped
2	⚙️ Engineering Mechanics	Develop a strong understanding of forces, equilibrium, structural behavior, friction, centroids, moments of inertia, and energy principles used to analyze engineering systems.	Work and Energy	Work and Energy	Engineering Mechanics	ENGINEERING_SCIENCES	Unmapped
2	⚙️ Engineering Mechanics	Develop a strong understanding of forces, equilibrium, structural behavior, friction, centroids, moments of inertia, and energy principles used to analyze engineering systems.	Work and Energy	Principle of Virtual Work	Engineering Mechanics	ENGINEERING_SCIENCES	Unmapped
2	⚙️ Engineering Mechanics	Develop a strong understanding of forces, equilibrium, structural behavior, friction, centroids, moments of inertia, and energy principles used to analyze engineering systems.	Work and Energy	Virtual Work for Particles	Engineering Mechanics	ENGINEERING_SCIENCES	Unmapped
2	⚙️ Engineering Mechanics	Develop a strong understanding of forces, equilibrium, structural behavior, friction, centroids, moments of inertia, and energy principles used to analyze engineering systems.	Work and Energy	Virtual Work for Rigid Bodies	Engineering Mechanics	ENGINEERING_SCIENCES	Unmapped
3	🏗️ Structural Engineering	Master the behavior, analysis, and design of structural members and systems through strength of materials, structural analysis, reinforced concrete design, and steel design.	Strength of Materials	Normal Stress	Strength of Materials	ENGINEERING_SCIENCES	Unmapped
3	🏗️ Structural Engineering	Master the behavior, analysis, and design of structural members and systems through strength of materials, structural analysis, reinforced concrete design, and steel design.	Strength of Materials	Shear Stress	Strength of Materials	ENGINEERING_SCIENCES	Unmapped
3	🏗️ Structural Engineering	Master the behavior, analysis, and design of structural members and systems through strength of materials, structural analysis, reinforced concrete design, and steel design.	Strength of Materials	Normal Strain and Shear Strain	Strength of Materials	ENGINEERING_SCIENCES	Unmapped
3	🏗️ Structural Engineering	Master the behavior, analysis, and design of structural members and systems through strength of materials, structural analysis, reinforced concrete design, and steel design.	Strength of Materials	Stress-Strain Relationships	Strength of Materials	ENGINEERING_SCIENCES	Unmapped
3	🏗️ Structural Engineering	Master the behavior, analysis, and design of structural members and systems through strength of materials, structural analysis, reinforced concrete design, and steel design.	Strength of Materials	Hooke's Law and Elastic Constants	Strength of Materials	ENGINEERING_SCIENCES	Unmapped
3	🏗️ Structural Engineering	Master the behavior, analysis, and design of structural members and systems through strength of materials, structural analysis, reinforced concrete design, and steel design.	Strength of Materials	Poisson's Ratio	Strength of Materials	ENGINEERING_SCIENCES	Unmapped
3	🏗️ Structural Engineering	Master the behavior, analysis, and design of structural members and systems through strength of materials, structural analysis, reinforced concrete design, and steel design.	Strength of Materials	Elastic and Plastic Behavior	Strength of Materials	ENGINEERING_SCIENCES	Unmapped
3	🏗️ Structural Engineering	Master the behavior, analysis, and design of structural members and systems through strength of materials, structural analysis, reinforced concrete design, and steel design.	Strength of Materials	Axial Deformation	Strength of Materials	ENGINEERING_SCIENCES	Unmapped
3	🏗️ Structural Engineering	Master the behavior, analysis, and design of structural members and systems through strength of materials, structural analysis, reinforced concrete design, and steel design.	Strength of Materials	Statically Indeterminate Axial Members	Strength of Materials	ENGINEERING_SCIENCES	Unmapped
3	🏗️ Structural Engineering	Master the behavior, analysis, and design of structural members and systems through strength of materials, structural analysis, reinforced concrete design, and steel design.	Strength of Materials	Thermal Stress and Deformation	Strength of Materials	ENGINEERING_SCIENCES	Unmapped
3	🏗️ Structural Engineering	Master the behavior, analysis, and design of structural members and systems through strength of materials, structural analysis, reinforced concrete design, and steel design.	Strength of Materials	Torsion of Circular Shafts	Strength of Materials	ENGINEERING_SCIENCES	Unmapped
3	🏗️ Structural Engineering	Master the behavior, analysis, and design of structural members and systems through strength of materials, structural analysis, reinforced concrete design, and steel design.	Strength of Materials	Shear Force and Bending Moment	Strength of Materials	ENGINEERING_SCIENCES	Unmapped
3	🏗️ Structural Engineering	Master the behavior, analysis, and design of structural members and systems through strength of materials, structural analysis, reinforced concrete design, and steel design.	Strength of Materials	Flexural Stress in Beams	Strength of Materials	ENGINEERING_SCIENCES	Unmapped
3	🏗️ Structural Engineering	Master the behavior, analysis, and design of structural members and systems through strength of materials, structural analysis, reinforced concrete design, and steel design.	Strength of Materials	Shear Stress in Beams	Strength of Materials	ENGINEERING_SCIENCES	Unmapped
3	🏗️ Structural Engineering	Master the behavior, analysis, and design of structural members and systems through strength of materials, structural analysis, reinforced concrete design, and steel design.	Strength of Materials	Beam Deflection	Strength of Materials	ENGINEERING_SCIENCES	Unmapped
3	🏗️ Structural Engineering	Master the behavior, analysis, and design of structural members and systems through strength of materials, structural analysis, reinforced concrete design, and steel design.	Strength of Materials	Combined Stresses	Strength of Materials	ENGINEERING_SCIENCES	Unmapped
3	🏗️ Structural Engineering	Master the behavior, analysis, and design of structural members and systems through strength of materials, structural analysis, reinforced concrete design, and steel design.	Strength of Materials	Stress Transformation and Mohr's Circle	Strength of Materials	ENGINEERING_SCIENCES	Unmapped
3	🏗️ Structural Engineering	Master the behavior, analysis, and design of structural members and systems through strength of materials, structural analysis, reinforced concrete design, and steel design.	Strength of Materials	Thin-Walled Pressure Vessels	Strength of Materials	ENGINEERING_SCIENCES	Unmapped
3	🏗️ Structural Engineering	Master the behavior, analysis, and design of structural members and systems through strength of materials, structural analysis, reinforced concrete design, and steel design.	Strength of Materials	Columns and Buckling	Strength of Materials	ENGINEERING_SCIENCES	Unmapped
3	🏗️ Structural Engineering	Master the behavior, analysis, and design of structural members and systems through strength of materials, structural analysis, reinforced concrete design, and steel design.	Structural Analysis	Structural Idealization and Load Paths	Structural Analysis	CIVIL_ENGINEERING	Unmapped
3	🏗️ Structural Engineering	Master the behavior, analysis, and design of structural members and systems through strength of materials, structural analysis, reinforced concrete design, and steel design.	Structural Analysis	Stability and Determinacy	Structural Analysis	CIVIL_ENGINEERING	Unmapped
3	🏗️ Structural Engineering	Master the behavior, analysis, and design of structural members and systems through strength of materials, structural analysis, reinforced concrete design, and steel design.	Structural Analysis	Analysis of Determinate Beams	Structural Analysis	CIVIL_ENGINEERING	Unmapped
3	🏗️ Structural Engineering	Master the behavior, analysis, and design of structural members and systems through strength of materials, structural analysis, reinforced concrete design, and steel design.	Structural Analysis	Analysis of Determinate Frames	Structural Analysis	CIVIL_ENGINEERING	Unmapped
3	🏗️ Structural Engineering	Master the behavior, analysis, and design of structural members and systems through strength of materials, structural analysis, reinforced concrete design, and steel design.	Structural Analysis	Analysis of Determinate Trusses	Structural Analysis	CIVIL_ENGINEERING	Unmapped
3	🏗️ Structural Engineering	Master the behavior, analysis, and design of structural members and systems through strength of materials, structural analysis, reinforced concrete design, and steel design.	Structural Analysis	Internal Forces in Structures	Structural Analysis	CIVIL_ENGINEERING	Unmapped
3	🏗️ Structural Engineering	Master the behavior, analysis, and design of structural members and systems through strength of materials, structural analysis, reinforced concrete design, and steel design.	Structural Analysis	Deflection of Beams and Frames	Structural Analysis	CIVIL_ENGINEERING	Unmapped
3	🏗️ Structural Engineering	Master the behavior, analysis, and design of structural members and systems through strength of materials, structural analysis, reinforced concrete design, and steel design.	Structural Analysis	Influence Lines	Structural Analysis	CIVIL_ENGINEERING	Unmapped
3	🏗️ Structural Engineering	Master the behavior, analysis, and design of structural members and systems through strength of materials, structural analysis, reinforced concrete design, and steel design.	Structural Analysis	Moving Loads	Structural Analysis	CIVIL_ENGINEERING	Unmapped
3	🏗️ Structural Engineering	Master the behavior, analysis, and design of structural members and systems through strength of materials, structural analysis, reinforced concrete design, and steel design.	Structural Analysis	Indeterminate Structures	Structural Analysis	CIVIL_ENGINEERING	Unmapped
3	🏗️ Structural Engineering	Master the behavior, analysis, and design of structural members and systems through strength of materials, structural analysis, reinforced concrete design, and steel design.	Structural Analysis	Slope-Deflection Method	Structural Analysis	CIVIL_ENGINEERING	Unmapped
3	🏗️ Structural Engineering	Master the behavior, analysis, and design of structural members and systems through strength of materials, structural analysis, reinforced concrete design, and steel design.	Structural Analysis	Moment Distribution Method	Structural Analysis	CIVIL_ENGINEERING	Unmapped
3	🏗️ Structural Engineering	Master the behavior, analysis, and design of structural members and systems through strength of materials, structural analysis, reinforced concrete design, and steel design.	Structural Analysis	Energy Methods	Structural Analysis	CIVIL_ENGINEERING	Unmapped
3	🏗️ Structural Engineering	Master the behavior, analysis, and design of structural members and systems through strength of materials, structural analysis, reinforced concrete design, and steel design.	Structural Analysis	Matrix Structural Analysis	Structural Analysis	CIVIL_ENGINEERING	Unmapped
3	🏗️ Structural Engineering	Master the behavior, analysis, and design of structural members and systems through strength of materials, structural analysis, reinforced concrete design, and steel design.	Structural Analysis	Arches	Structural Analysis	CIVIL_ENGINEERING	Unmapped
3	🏗️ Structural Engineering	Master the behavior, analysis, and design of structural members and systems through strength of materials, structural analysis, reinforced concrete design, and steel design.	Structural Analysis	Cables	Structural Analysis	CIVIL_ENGINEERING	Unmapped
3	🏗️ Structural Engineering	Master the behavior, analysis, and design of structural members and systems through strength of materials, structural analysis, reinforced concrete design, and steel design.	Structural Analysis	Structural Stability	Structural Analysis	CIVIL_ENGINEERING	Unmapped
3	🏗️ Structural Engineering	Master the behavior, analysis, and design of structural members and systems through strength of materials, structural analysis, reinforced concrete design, and steel design.	Reinforced Concrete Design	Properties of Concrete	Reinforced Concrete Design	CIVIL_ENGINEERING	Unmapped
3	🏗️ Structural Engineering	Master the behavior, analysis, and design of structural members and systems through strength of materials, structural analysis, reinforced concrete design, and steel design.	Reinforced Concrete Design	Properties of Reinforcing Steel	Reinforced Concrete Design	CIVIL_ENGINEERING	Unmapped
3	🏗️ Structural Engineering	Master the behavior, analysis, and design of structural members and systems through strength of materials, structural analysis, reinforced concrete design, and steel design.	Reinforced Concrete Design	Reinforced Concrete Design Philosophy	Reinforced Concrete Design	CIVIL_ENGINEERING	Unmapped
3	🏗️ Structural Engineering	Master the behavior, analysis, and design of structural members and systems through strength of materials, structural analysis, reinforced concrete design, and steel design.	Reinforced Concrete Design	Strength Design Method	Reinforced Concrete Design	CIVIL_ENGINEERING	Unmapped
3	🏗️ Structural Engineering	Master the behavior, analysis, and design of structural members and systems through strength of materials, structural analysis, reinforced concrete design, and steel design.	Reinforced Concrete Design	Flexural Analysis of Beams	Reinforced Concrete Design	CIVIL_ENGINEERING	Unmapped
3	🏗️ Structural Engineering	Master the behavior, analysis, and design of structural members and systems through strength of materials, structural analysis, reinforced concrete design, and steel design.	Reinforced Concrete Design	Singly Reinforced Beams	Reinforced Concrete Design	CIVIL_ENGINEERING	Unmapped
3	🏗️ Structural Engineering	Master the behavior, analysis, and design of structural members and systems through strength of materials, structural analysis, reinforced concrete design, and steel design.	Reinforced Concrete Design	Doubly Reinforced Beams	Reinforced Concrete Design	CIVIL_ENGINEERING	Unmapped
3	🏗️ Structural Engineering	Master the behavior, analysis, and design of structural members and systems through strength of materials, structural analysis, reinforced concrete design, and steel design.	Reinforced Concrete Design	T-Beams	Reinforced Concrete Design	CIVIL_ENGINEERING	Unmapped
3	🏗️ Structural Engineering	Master the behavior, analysis, and design of structural members and systems through strength of materials, structural analysis, reinforced concrete design, and steel design.	Reinforced Concrete Design	Shear and Diagonal Tension	Reinforced Concrete Design	CIVIL_ENGINEERING	Unmapped
3	🏗️ Structural Engineering	Master the behavior, analysis, and design of structural members and systems through strength of materials, structural analysis, reinforced concrete design, and steel design.	Reinforced Concrete Design	Development Length and Anchorage	Reinforced Concrete Design	CIVIL_ENGINEERING	Unmapped
3	🏗️ Structural Engineering	Master the behavior, analysis, and design of structural members and systems through strength of materials, structural analysis, reinforced concrete design, and steel design.	Reinforced Concrete Design	One-Way Slabs	Reinforced Concrete Design	CIVIL_ENGINEERING	Unmapped
3	🏗️ Structural Engineering	Master the behavior, analysis, and design of structural members and systems through strength of materials, structural analysis, reinforced concrete design, and steel design.	Reinforced Concrete Design	Two-Way Slabs	Reinforced Concrete Design	CIVIL_ENGINEERING	Unmapped
3	🏗️ Structural Engineering	Master the behavior, analysis, and design of structural members and systems through strength of materials, structural analysis, reinforced concrete design, and steel design.	Reinforced Concrete Design	Short Columns	Reinforced Concrete Design	CIVIL_ENGINEERING	Unmapped
3	🏗️ Structural Engineering	Master the behavior, analysis, and design of structural members and systems through strength of materials, structural analysis, reinforced concrete design, and steel design.	Reinforced Concrete Design	Slender Columns	Reinforced Concrete Design	CIVIL_ENGINEERING	Unmapped
3	🏗️ Structural Engineering	Master the behavior, analysis, and design of structural members and systems through strength of materials, structural analysis, reinforced concrete design, and steel design.	Reinforced Concrete Design	Isolated Footings	Reinforced Concrete Design	CIVIL_ENGINEERING	Unmapped
3	🏗️ Structural Engineering	Master the behavior, analysis, and design of structural members and systems through strength of materials, structural analysis, reinforced concrete design, and steel design.	Reinforced Concrete Design	Combined Footings	Reinforced Concrete Design	CIVIL_ENGINEERING	Unmapped
3	🏗️ Structural Engineering	Master the behavior, analysis, and design of structural members and systems through strength of materials, structural analysis, reinforced concrete design, and steel design.	Reinforced Concrete Design	Retaining Walls	Reinforced Concrete Design	CIVIL_ENGINEERING	Unmapped
3	🏗️ Structural Engineering	Master the behavior, analysis, and design of structural members and systems through strength of materials, structural analysis, reinforced concrete design, and steel design.	Reinforced Concrete Design	Serviceability: Deflection and Cracking	Reinforced Concrete Design	CIVIL_ENGINEERING	Unmapped
3	🏗️ Structural Engineering	Master the behavior, analysis, and design of structural members and systems through strength of materials, structural analysis, reinforced concrete design, and steel design.	Steel Design	Properties of Structural Steel	Steel Design	CIVIL_ENGINEERING	Unmapped
3	🏗️ Structural Engineering	Master the behavior, analysis, and design of structural members and systems through strength of materials, structural analysis, reinforced concrete design, and steel design.	Steel Design	Steel Design Philosophy	Steel Design	CIVIL_ENGINEERING	Unmapped
3	🏗️ Structural Engineering	Master the behavior, analysis, and design of structural members and systems through strength of materials, structural analysis, reinforced concrete design, and steel design.	Steel Design	Tension Members	Steel Design	CIVIL_ENGINEERING	Unmapped
3	🏗️ Structural Engineering	Master the behavior, analysis, and design of structural members and systems through strength of materials, structural analysis, reinforced concrete design, and steel design.	Steel Design	Compression Members	Steel Design	CIVIL_ENGINEERING	Unmapped
3	🏗️ Structural Engineering	Master the behavior, analysis, and design of structural members and systems through strength of materials, structural analysis, reinforced concrete design, and steel design.	Steel Design	Beam Design	Steel Design	CIVIL_ENGINEERING	Unmapped
3	🏗️ Structural Engineering	Master the behavior, analysis, and design of structural members and systems through strength of materials, structural analysis, reinforced concrete design, and steel design.	Steel Design	Beam-Columns	Steel Design	CIVIL_ENGINEERING	Unmapped
3	🏗️ Structural Engineering	Master the behavior, analysis, and design of structural members and systems through strength of materials, structural analysis, reinforced concrete design, and steel design.	Steel Design	Local and Lateral-Torsional Buckling	Steel Design	CIVIL_ENGINEERING	Unmapped
3	🏗️ Structural Engineering	Master the behavior, analysis, and design of structural members and systems through strength of materials, structural analysis, reinforced concrete design, and steel design.	Steel Design	Bolted Connections	Steel Design	CIVIL_ENGINEERING	Unmapped
3	🏗️ Structural Engineering	Master the behavior, analysis, and design of structural members and systems through strength of materials, structural analysis, reinforced concrete design, and steel design.	Steel Design	Welded Connections	Steel Design	CIVIL_ENGINEERING	Unmapped
3	🏗️ Structural Engineering	Master the behavior, analysis, and design of structural members and systems through strength of materials, structural analysis, reinforced concrete design, and steel design.	Steel Design	Connection Design	Steel Design	CIVIL_ENGINEERING	Unmapped
3	🏗️ Structural Engineering	Master the behavior, analysis, and design of structural members and systems through strength of materials, structural analysis, reinforced concrete design, and steel design.	Steel Design	Base Plates	Steel Design	CIVIL_ENGINEERING	Unmapped
3	🏗️ Structural Engineering	Master the behavior, analysis, and design of structural members and systems through strength of materials, structural analysis, reinforced concrete design, and steel design.	Steel Design	Plate Girders	Steel Design	CIVIL_ENGINEERING	Unmapped
3	🏗️ Structural Engineering	Master the behavior, analysis, and design of structural members and systems through strength of materials, structural analysis, reinforced concrete design, and steel design.	Steel Design	Composite Members	Steel Design	CIVIL_ENGINEERING	Unmapped
4	🌍 Geotechnical Engineering	Understand soil behavior and apply geotechnical principles to soil classification, seepage, consolidation, shear strength, foundations, retaining structures, slope stability, and ground improvement.	Soil Properties and Classification	Soil Formation and Weathering	Soil Mechanics	CIVIL_ENGINEERING	Unmapped
4	🌍 Geotechnical Engineering	Understand soil behavior and apply geotechnical principles to soil classification, seepage, consolidation, shear strength, foundations, retaining structures, slope stability, and ground improvement.	Soil Properties and Classification	Soil Phase Relationships	Soil Mechanics	CIVIL_ENGINEERING	Unmapped
4	🌍 Geotechnical Engineering	Understand soil behavior and apply geotechnical principles to soil classification, seepage, consolidation, shear strength, foundations, retaining structures, slope stability, and ground improvement.	Soil Properties and Classification	Water Content, Void Ratio, and Porosity	Soil Mechanics	CIVIL_ENGINEERING	Unmapped
4	🌍 Geotechnical Engineering	Understand soil behavior and apply geotechnical principles to soil classification, seepage, consolidation, shear strength, foundations, retaining structures, slope stability, and ground improvement.	Soil Properties and Classification	Unit Weight and Specific Gravity	Soil Mechanics	CIVIL_ENGINEERING	Unmapped
4	🌍 Geotechnical Engineering	Understand soil behavior and apply geotechnical principles to soil classification, seepage, consolidation, shear strength, foundations, retaining structures, slope stability, and ground improvement.	Soil Properties and Classification	Grain Size Distribution	Soil Mechanics	CIVIL_ENGINEERING	Unmapped
4	🌍 Geotechnical Engineering	Understand soil behavior and apply geotechnical principles to soil classification, seepage, consolidation, shear strength, foundations, retaining structures, slope stability, and ground improvement.	Soil Properties and Classification	Atterberg Limits	Soil Mechanics	CIVIL_ENGINEERING	Unmapped
4	🌍 Geotechnical Engineering	Understand soil behavior and apply geotechnical principles to soil classification, seepage, consolidation, shear strength, foundations, retaining structures, slope stability, and ground improvement.	Soil Properties and Classification	Unified Soil Classification System	Soil Mechanics	CIVIL_ENGINEERING	Unmapped
4	🌍 Geotechnical Engineering	Understand soil behavior and apply geotechnical principles to soil classification, seepage, consolidation, shear strength, foundations, retaining structures, slope stability, and ground improvement.	Soil Properties and Classification	AASHTO Soil Classification	Soil Mechanics	CIVIL_ENGINEERING	Unmapped
4	🌍 Geotechnical Engineering	Understand soil behavior and apply geotechnical principles to soil classification, seepage, consolidation, shear strength, foundations, retaining structures, slope stability, and ground improvement.	Soil Compaction	Principles of Soil Compaction	Soil Mechanics	CIVIL_ENGINEERING	Unmapped
4	🌍 Geotechnical Engineering	Understand soil behavior and apply geotechnical principles to soil classification, seepage, consolidation, shear strength, foundations, retaining structures, slope stability, and ground improvement.	Soil Compaction	Standard and Modified Proctor Tests	Soil Mechanics	CIVIL_ENGINEERING	Unmapped
4	🌍 Geotechnical Engineering	Understand soil behavior and apply geotechnical principles to soil classification, seepage, consolidation, shear strength, foundations, retaining structures, slope stability, and ground improvement.	Soil Compaction	Compaction Curves	Soil Mechanics	CIVIL_ENGINEERING	Unmapped
4	🌍 Geotechnical Engineering	Understand soil behavior and apply geotechnical principles to soil classification, seepage, consolidation, shear strength, foundations, retaining structures, slope stability, and ground improvement.	Soil Compaction	Field Compaction	Soil Mechanics	CIVIL_ENGINEERING	Unmapped
4	🌍 Geotechnical Engineering	Understand soil behavior and apply geotechnical principles to soil classification, seepage, consolidation, shear strength, foundations, retaining structures, slope stability, and ground improvement.	Soil Compaction	Relative Compaction	Soil Mechanics	CIVIL_ENGINEERING	Unmapped
4	🌍 Geotechnical Engineering	Understand soil behavior and apply geotechnical principles to soil classification, seepage, consolidation, shear strength, foundations, retaining structures, slope stability, and ground improvement.	Soil Water, Permeability, and Seepage	Capillary Action in Soils	Soil Mechanics	CIVIL_ENGINEERING	Unmapped
4	🌍 Geotechnical Engineering	Understand soil behavior and apply geotechnical principles to soil classification, seepage, consolidation, shear strength, foundations, retaining structures, slope stability, and ground improvement.	Soil Water, Permeability, and Seepage	Permeability	Soil Mechanics	CIVIL_ENGINEERING	Unmapped
4	🌍 Geotechnical Engineering	Understand soil behavior and apply geotechnical principles to soil classification, seepage, consolidation, shear strength, foundations, retaining structures, slope stability, and ground improvement.	Soil Water, Permeability, and Seepage	Darcy's Law	Soil Mechanics	CIVIL_ENGINEERING	Unmapped
4	🌍 Geotechnical Engineering	Understand soil behavior and apply geotechnical principles to soil classification, seepage, consolidation, shear strength, foundations, retaining structures, slope stability, and ground improvement.	Soil Water, Permeability, and Seepage	Laboratory Permeability Tests	Soil Mechanics	CIVIL_ENGINEERING	Unmapped
4	🌍 Geotechnical Engineering	Understand soil behavior and apply geotechnical principles to soil classification, seepage, consolidation, shear strength, foundations, retaining structures, slope stability, and ground improvement.	Soil Water, Permeability, and Seepage	Seepage	Soil Mechanics	CIVIL_ENGINEERING	Unmapped
4	🌍 Geotechnical Engineering	Understand soil behavior and apply geotechnical principles to soil classification, seepage, consolidation, shear strength, foundations, retaining structures, slope stability, and ground improvement.	Soil Water, Permeability, and Seepage	Flow Nets	Soil Mechanics	CIVIL_ENGINEERING	Unmapped
4	🌍 Geotechnical Engineering	Understand soil behavior and apply geotechnical principles to soil classification, seepage, consolidation, shear strength, foundations, retaining structures, slope stability, and ground improvement.	Soil Water, Permeability, and Seepage	Seepage Forces and Piping	Soil Mechanics	CIVIL_ENGINEERING	Unmapped
4	🌍 Geotechnical Engineering	Understand soil behavior and apply geotechnical principles to soil classification, seepage, consolidation, shear strength, foundations, retaining structures, slope stability, and ground improvement.	Effective Stress and Consolidation	Total, Neutral, and Effective Stress	Soil Mechanics	CIVIL_ENGINEERING	Unmapped
4	🌍 Geotechnical Engineering	Understand soil behavior and apply geotechnical principles to soil classification, seepage, consolidation, shear strength, foundations, retaining structures, slope stability, and ground improvement.	Effective Stress and Consolidation	Effective Stress Below the Water Table	Soil Mechanics	CIVIL_ENGINEERING	Unmapped
4	🌍 Geotechnical Engineering	Understand soil behavior and apply geotechnical principles to soil classification, seepage, consolidation, shear strength, foundations, retaining structures, slope stability, and ground improvement.	Effective Stress and Consolidation	Effective Stress with Seepage	Soil Mechanics	CIVIL_ENGINEERING	Unmapped
4	🌍 Geotechnical Engineering	Understand soil behavior and apply geotechnical principles to soil classification, seepage, consolidation, shear strength, foundations, retaining structures, slope stability, and ground improvement.	Effective Stress and Consolidation	Quick Condition	Soil Mechanics	CIVIL_ENGINEERING	Unmapped
4	🌍 Geotechnical Engineering	Understand soil behavior and apply geotechnical principles to soil classification, seepage, consolidation, shear strength, foundations, retaining structures, slope stability, and ground improvement.	Effective Stress and Consolidation	Compressibility of Soils	Soil Mechanics	CIVIL_ENGINEERING	Unmapped
4	🌍 Geotechnical Engineering	Understand soil behavior and apply geotechnical principles to soil classification, seepage, consolidation, shear strength, foundations, retaining structures, slope stability, and ground improvement.	Effective Stress and Consolidation	Consolidation Theory	Soil Mechanics	CIVIL_ENGINEERING	Unmapped
4	🌍 Geotechnical Engineering	Understand soil behavior and apply geotechnical principles to soil classification, seepage, consolidation, shear strength, foundations, retaining structures, slope stability, and ground improvement.	Effective Stress and Consolidation	One-Dimensional Consolidation	Soil Mechanics	CIVIL_ENGINEERING	Unmapped
4	🌍 Geotechnical Engineering	Understand soil behavior and apply geotechnical principles to soil classification, seepage, consolidation, shear strength, foundations, retaining structures, slope stability, and ground improvement.	Effective Stress and Consolidation	Consolidation Test	Soil Mechanics	CIVIL_ENGINEERING	Unmapped
4	🌍 Geotechnical Engineering	Understand soil behavior and apply geotechnical principles to soil classification, seepage, consolidation, shear strength, foundations, retaining structures, slope stability, and ground improvement.	Effective Stress and Consolidation	Primary Consolidation Settlement	Soil Mechanics	CIVIL_ENGINEERING	Unmapped
4	🌍 Geotechnical Engineering	Understand soil behavior and apply geotechnical principles to soil classification, seepage, consolidation, shear strength, foundations, retaining structures, slope stability, and ground improvement.	Effective Stress and Consolidation	Secondary Compression	Soil Mechanics	CIVIL_ENGINEERING	Unmapped
4	🌍 Geotechnical Engineering	Understand soil behavior and apply geotechnical principles to soil classification, seepage, consolidation, shear strength, foundations, retaining structures, slope stability, and ground improvement.	Effective Stress and Consolidation	Immediate Settlement	Soil Mechanics	CIVIL_ENGINEERING	Unmapped
4	🌍 Geotechnical Engineering	Understand soil behavior and apply geotechnical principles to soil classification, seepage, consolidation, shear strength, foundations, retaining structures, slope stability, and ground improvement.	Shear Strength of Soils	Mohr-Coulomb Failure Criterion	Soil Mechanics	CIVIL_ENGINEERING	Unmapped
4	🌍 Geotechnical Engineering	Understand soil behavior and apply geotechnical principles to soil classification, seepage, consolidation, shear strength, foundations, retaining structures, slope stability, and ground improvement.	Shear Strength of Soils	Shear Strength of Cohesionless Soil	Soil Mechanics	CIVIL_ENGINEERING	Unmapped
4	🌍 Geotechnical Engineering	Understand soil behavior and apply geotechnical principles to soil classification, seepage, consolidation, shear strength, foundations, retaining structures, slope stability, and ground improvement.	Shear Strength of Soils	Shear Strength of Cohesive Soil	Soil Mechanics	CIVIL_ENGINEERING	Unmapped
4	🌍 Geotechnical Engineering	Understand soil behavior and apply geotechnical principles to soil classification, seepage, consolidation, shear strength, foundations, retaining structures, slope stability, and ground improvement.	Shear Strength of Soils	Direct Shear Test	Soil Mechanics	CIVIL_ENGINEERING	Unmapped
4	🌍 Geotechnical Engineering	Understand soil behavior and apply geotechnical principles to soil classification, seepage, consolidation, shear strength, foundations, retaining structures, slope stability, and ground improvement.	Shear Strength of Soils	Triaxial Compression Test	Soil Mechanics	CIVIL_ENGINEERING	Unmapped
4	🌍 Geotechnical Engineering	Understand soil behavior and apply geotechnical principles to soil classification, seepage, consolidation, shear strength, foundations, retaining structures, slope stability, and ground improvement.	Shear Strength of Soils	Unconfined Compression Test	Soil Mechanics	CIVIL_ENGINEERING	Unmapped
4	🌍 Geotechnical Engineering	Understand soil behavior and apply geotechnical principles to soil classification, seepage, consolidation, shear strength, foundations, retaining structures, slope stability, and ground improvement.	Soil Exploration	Site Investigation	Foundation Engineering	CIVIL_ENGINEERING	Unmapped
4	🌍 Geotechnical Engineering	Understand soil behavior and apply geotechnical principles to soil classification, seepage, consolidation, shear strength, foundations, retaining structures, slope stability, and ground improvement.	Soil Exploration	Boring and Sampling	Foundation Engineering	CIVIL_ENGINEERING	Unmapped
4	🌍 Geotechnical Engineering	Understand soil behavior and apply geotechnical principles to soil classification, seepage, consolidation, shear strength, foundations, retaining structures, slope stability, and ground improvement.	Soil Exploration	Standard Penetration Test	Foundation Engineering	CIVIL_ENGINEERING	Unmapped
4	🌍 Geotechnical Engineering	Understand soil behavior and apply geotechnical principles to soil classification, seepage, consolidation, shear strength, foundations, retaining structures, slope stability, and ground improvement.	Soil Exploration	Cone Penetration Test	Foundation Engineering	CIVIL_ENGINEERING	Unmapped
4	🌍 Geotechnical Engineering	Understand soil behavior and apply geotechnical principles to soil classification, seepage, consolidation, shear strength, foundations, retaining structures, slope stability, and ground improvement.	Soil Exploration	Soil Exploration Reports	Foundation Engineering	CIVIL_ENGINEERING	Unmapped
4	🌍 Geotechnical Engineering	Understand soil behavior and apply geotechnical principles to soil classification, seepage, consolidation, shear strength, foundations, retaining structures, slope stability, and ground improvement.	Bearing Capacity and Settlement	Ultimate and Allowable Bearing Capacity	Foundation Engineering	CIVIL_ENGINEERING	Unmapped
4	🌍 Geotechnical Engineering	Understand soil behavior and apply geotechnical principles to soil classification, seepage, consolidation, shear strength, foundations, retaining structures, slope stability, and ground improvement.	Bearing Capacity and Settlement	Terzaghi Bearing Capacity Theory	Foundation Engineering	CIVIL_ENGINEERING	Unmapped
4	🌍 Geotechnical Engineering	Understand soil behavior and apply geotechnical principles to soil classification, seepage, consolidation, shear strength, foundations, retaining structures, slope stability, and ground improvement.	Bearing Capacity and Settlement	Bearing Capacity Factors	Foundation Engineering	CIVIL_ENGINEERING	Unmapped
4	🌍 Geotechnical Engineering	Understand soil behavior and apply geotechnical principles to soil classification, seepage, consolidation, shear strength, foundations, retaining structures, slope stability, and ground improvement.	Bearing Capacity and Settlement	Effects of Groundwater	Foundation Engineering	CIVIL_ENGINEERING	Unmapped
4	🌍 Geotechnical Engineering	Understand soil behavior and apply geotechnical principles to soil classification, seepage, consolidation, shear strength, foundations, retaining structures, slope stability, and ground improvement.	Bearing Capacity and Settlement	Eccentric Loading	Foundation Engineering	CIVIL_ENGINEERING	Unmapped
4	🌍 Geotechnical Engineering	Understand soil behavior and apply geotechnical principles to soil classification, seepage, consolidation, shear strength, foundations, retaining structures, slope stability, and ground improvement.	Bearing Capacity and Settlement	Settlement Analysis	Foundation Engineering	CIVIL_ENGINEERING	Unmapped
4	🌍 Geotechnical Engineering	Understand soil behavior and apply geotechnical principles to soil classification, seepage, consolidation, shear strength, foundations, retaining structures, slope stability, and ground improvement.	Shallow Foundations	Foundation Selection	Foundation Engineering	CIVIL_ENGINEERING	Unmapped
4	🌍 Geotechnical Engineering	Understand soil behavior and apply geotechnical principles to soil classification, seepage, consolidation, shear strength, foundations, retaining structures, slope stability, and ground improvement.	Shallow Foundations	Isolated Footings	Foundation Engineering	CIVIL_ENGINEERING	Unmapped
4	🌍 Geotechnical Engineering	Understand soil behavior and apply geotechnical principles to soil classification, seepage, consolidation, shear strength, foundations, retaining structures, slope stability, and ground improvement.	Shallow Foundations	Combined Footings	Foundation Engineering	CIVIL_ENGINEERING	Unmapped
4	🌍 Geotechnical Engineering	Understand soil behavior and apply geotechnical principles to soil classification, seepage, consolidation, shear strength, foundations, retaining structures, slope stability, and ground improvement.	Shallow Foundations	Strip Footings	Foundation Engineering	CIVIL_ENGINEERING	Unmapped
4	🌍 Geotechnical Engineering	Understand soil behavior and apply geotechnical principles to soil classification, seepage, consolidation, shear strength, foundations, retaining structures, slope stability, and ground improvement.	Shallow Foundations	Mat Foundations	Foundation Engineering	CIVIL_ENGINEERING	Unmapped
4	🌍 Geotechnical Engineering	Understand soil behavior and apply geotechnical principles to soil classification, seepage, consolidation, shear strength, foundations, retaining structures, slope stability, and ground improvement.	Deep Foundations	Pile Foundations	Foundation Engineering	CIVIL_ENGINEERING	Unmapped
4	🌍 Geotechnical Engineering	Understand soil behavior and apply geotechnical principles to soil classification, seepage, consolidation, shear strength, foundations, retaining structures, slope stability, and ground improvement.	Deep Foundations	Pile Capacity	Foundation Engineering	CIVIL_ENGINEERING	Unmapped
4	🌍 Geotechnical Engineering	Understand soil behavior and apply geotechnical principles to soil classification, seepage, consolidation, shear strength, foundations, retaining structures, slope stability, and ground improvement.	Deep Foundations	Pile Groups	Foundation Engineering	CIVIL_ENGINEERING	Unmapped
4	🌍 Geotechnical Engineering	Understand soil behavior and apply geotechnical principles to soil classification, seepage, consolidation, shear strength, foundations, retaining structures, slope stability, and ground improvement.	Deep Foundations	Caissons and Drilled Shafts	Foundation Engineering	CIVIL_ENGINEERING	Unmapped
4	🌍 Geotechnical Engineering	Understand soil behavior and apply geotechnical principles to soil classification, seepage, consolidation, shear strength, foundations, retaining structures, slope stability, and ground improvement.	Earth Retaining Structures	At-Rest Earth Pressure	Earth Retaining Structures and Slope Stability	CIVIL_ENGINEERING	Unmapped
4	🌍 Geotechnical Engineering	Understand soil behavior and apply geotechnical principles to soil classification, seepage, consolidation, shear strength, foundations, retaining structures, slope stability, and ground improvement.	Earth Retaining Structures	Rankine Active Earth Pressure	Earth Retaining Structures and Slope Stability	CIVIL_ENGINEERING	Unmapped
4	🌍 Geotechnical Engineering	Understand soil behavior and apply geotechnical principles to soil classification, seepage, consolidation, shear strength, foundations, retaining structures, slope stability, and ground improvement.	Earth Retaining Structures	Rankine Passive Earth Pressure	Earth Retaining Structures and Slope Stability	CIVIL_ENGINEERING	Unmapped
4	🌍 Geotechnical Engineering	Understand soil behavior and apply geotechnical principles to soil classification, seepage, consolidation, shear strength, foundations, retaining structures, slope stability, and ground improvement.	Earth Retaining Structures	Coulomb Earth Pressure	Earth Retaining Structures and Slope Stability	CIVIL_ENGINEERING	Unmapped
4	🌍 Geotechnical Engineering	Understand soil behavior and apply geotechnical principles to soil classification, seepage, consolidation, shear strength, foundations, retaining structures, slope stability, and ground improvement.	Earth Retaining Structures	Surcharge Effects	Earth Retaining Structures and Slope Stability	CIVIL_ENGINEERING	Unmapped
4	🌍 Geotechnical Engineering	Understand soil behavior and apply geotechnical principles to soil classification, seepage, consolidation, shear strength, foundations, retaining structures, slope stability, and ground improvement.	Earth Retaining Structures	Gravity Retaining Walls	Earth Retaining Structures and Slope Stability	CIVIL_ENGINEERING	Unmapped
4	🌍 Geotechnical Engineering	Understand soil behavior and apply geotechnical principles to soil classification, seepage, consolidation, shear strength, foundations, retaining structures, slope stability, and ground improvement.	Earth Retaining Structures	Cantilever Retaining Walls	Earth Retaining Structures and Slope Stability	CIVIL_ENGINEERING	Unmapped
4	🌍 Geotechnical Engineering	Understand soil behavior and apply geotechnical principles to soil classification, seepage, consolidation, shear strength, foundations, retaining structures, slope stability, and ground improvement.	Earth Retaining Structures	Sheet Piles	Earth Retaining Structures and Slope Stability	CIVIL_ENGINEERING	Unmapped
4	🌍 Geotechnical Engineering	Understand soil behavior and apply geotechnical principles to soil classification, seepage, consolidation, shear strength, foundations, retaining structures, slope stability, and ground improvement.	Earth Retaining Structures	Anchored Earth-Retaining Structures	Earth Retaining Structures and Slope Stability	CIVIL_ENGINEERING	Unmapped
4	🌍 Geotechnical Engineering	Understand soil behavior and apply geotechnical principles to soil classification, seepage, consolidation, shear strength, foundations, retaining structures, slope stability, and ground improvement.	Slope Stability and Ground Improvement	Types of Slope Failure	Earth Retaining Structures and Slope Stability	CIVIL_ENGINEERING	Unmapped
4	🌍 Geotechnical Engineering	Understand soil behavior and apply geotechnical principles to soil classification, seepage, consolidation, shear strength, foundations, retaining structures, slope stability, and ground improvement.	Slope Stability and Ground Improvement	Infinite Slope Analysis	Earth Retaining Structures and Slope Stability	CIVIL_ENGINEERING	Unmapped
4	🌍 Geotechnical Engineering	Understand soil behavior and apply geotechnical principles to soil classification, seepage, consolidation, shear strength, foundations, retaining structures, slope stability, and ground improvement.	Slope Stability and Ground Improvement	Method of Slices	Earth Retaining Structures and Slope Stability	CIVIL_ENGINEERING	Unmapped
4	🌍 Geotechnical Engineering	Understand soil behavior and apply geotechnical principles to soil classification, seepage, consolidation, shear strength, foundations, retaining structures, slope stability, and ground improvement.	Slope Stability and Ground Improvement	Factors Affecting Slope Stability	Earth Retaining Structures and Slope Stability	CIVIL_ENGINEERING	Unmapped
4	🌍 Geotechnical Engineering	Understand soil behavior and apply geotechnical principles to soil classification, seepage, consolidation, shear strength, foundations, retaining structures, slope stability, and ground improvement.	Slope Stability and Ground Improvement	Mechanical Stabilization	Earth Retaining Structures and Slope Stability	CIVIL_ENGINEERING	Unmapped
4	🌍 Geotechnical Engineering	Understand soil behavior and apply geotechnical principles to soil classification, seepage, consolidation, shear strength, foundations, retaining structures, slope stability, and ground improvement.	Slope Stability and Ground Improvement	Soil Replacement	Earth Retaining Structures and Slope Stability	CIVIL_ENGINEERING	Unmapped
4	🌍 Geotechnical Engineering	Understand soil behavior and apply geotechnical principles to soil classification, seepage, consolidation, shear strength, foundations, retaining structures, slope stability, and ground improvement.	Slope Stability and Ground Improvement	Preloading and Surcharging	Earth Retaining Structures and Slope Stability	CIVIL_ENGINEERING	Unmapped
4	🌍 Geotechnical Engineering	Understand soil behavior and apply geotechnical principles to soil classification, seepage, consolidation, shear strength, foundations, retaining structures, slope stability, and ground improvement.	Slope Stability and Ground Improvement	Vertical Drains	Earth Retaining Structures and Slope Stability	CIVIL_ENGINEERING	Unmapped
4	🌍 Geotechnical Engineering	Understand soil behavior and apply geotechnical principles to soil classification, seepage, consolidation, shear strength, foundations, retaining structures, slope stability, and ground improvement.	Slope Stability and Ground Improvement	Grouting	Earth Retaining Structures and Slope Stability	CIVIL_ENGINEERING	Unmapped
4	🌍 Geotechnical Engineering	Understand soil behavior and apply geotechnical principles to soil classification, seepage, consolidation, shear strength, foundations, retaining structures, slope stability, and ground improvement.	Slope Stability and Ground Improvement	Geosynthetics	Earth Retaining Structures and Slope Stability	CIVIL_ENGINEERING	Unmapped
5	💧 Water Resources Engineering	Study fluid behavior, hydraulics, hydrologic processes, water supply, treatment, drainage, and hydraulic structures used in the planning and design of civil engineering water systems.	Fluid Mechanics	Fluid Properties	Fluid Mechanics	ENGINEERING_SCIENCES	Unmapped
5	💧 Water Resources Engineering	Study fluid behavior, hydraulics, hydrologic processes, water supply, treatment, drainage, and hydraulic structures used in the planning and design of civil engineering water systems.	Fluid Mechanics	Hydrostatics	Fluid Mechanics	ENGINEERING_SCIENCES	Unmapped
5	💧 Water Resources Engineering	Study fluid behavior, hydraulics, hydrologic processes, water supply, treatment, drainage, and hydraulic structures used in the planning and design of civil engineering water systems.	Fluid Mechanics	Fluid Kinematics	Fluid Mechanics	ENGINEERING_SCIENCES	Unmapped
5	💧 Water Resources Engineering	Study fluid behavior, hydraulics, hydrologic processes, water supply, treatment, drainage, and hydraulic structures used in the planning and design of civil engineering water systems.	Fluid Mechanics	Fluid Dynamics	Fluid Mechanics	ENGINEERING_SCIENCES	Unmapped
5	💧 Water Resources Engineering	Study fluid behavior, hydraulics, hydrologic processes, water supply, treatment, drainage, and hydraulic structures used in the planning and design of civil engineering water systems.	Fluid Mechanics	Bernoulli Equation	Fluid Mechanics	ENGINEERING_SCIENCES	Unmapped
5	💧 Water Resources Engineering	Study fluid behavior, hydraulics, hydrologic processes, water supply, treatment, drainage, and hydraulic structures used in the planning and design of civil engineering water systems.	Fluid Mechanics	Pipe Flow	Fluid Mechanics	ENGINEERING_SCIENCES	Unmapped
5	💧 Water Resources Engineering	Study fluid behavior, hydraulics, hydrologic processes, water supply, treatment, drainage, and hydraulic structures used in the planning and design of civil engineering water systems.	Fluid Mechanics	Hydraulic Energy and Head Losses	Fluid Mechanics	ENGINEERING_SCIENCES	Unmapped
5	💧 Water Resources Engineering	Study fluid behavior, hydraulics, hydrologic processes, water supply, treatment, drainage, and hydraulic structures used in the planning and design of civil engineering water systems.	Fluid Mechanics	Dimensional Analysis	Fluid Mechanics	ENGINEERING_SCIENCES	Unmapped
5	💧 Water Resources Engineering	Study fluid behavior, hydraulics, hydrologic processes, water supply, treatment, drainage, and hydraulic structures used in the planning and design of civil engineering water systems.	Fluid Mechanics	Pumps	Fluid Mechanics	ENGINEERING_SCIENCES	Unmapped
5	💧 Water Resources Engineering	Study fluid behavior, hydraulics, hydrologic processes, water supply, treatment, drainage, and hydraulic structures used in the planning and design of civil engineering water systems.	Fluid Mechanics	Turbines	Fluid Mechanics	ENGINEERING_SCIENCES	Unmapped
5	💧 Water Resources Engineering	Study fluid behavior, hydraulics, hydrologic processes, water supply, treatment, drainage, and hydraulic structures used in the planning and design of civil engineering water systems.	Open Channel Hydraulics	Open Channel Flow	Hydraulics	CIVIL_ENGINEERING	Unmapped
5	💧 Water Resources Engineering	Study fluid behavior, hydraulics, hydrologic processes, water supply, treatment, drainage, and hydraulic structures used in the planning and design of civil engineering water systems.	Open Channel Hydraulics	Flow Classification in Open Channels	Hydraulics	CIVIL_ENGINEERING	Unmapped
5	💧 Water Resources Engineering	Study fluid behavior, hydraulics, hydrologic processes, water supply, treatment, drainage, and hydraulic structures used in the planning and design of civil engineering water systems.	Open Channel Hydraulics	Uniform Flow	Hydraulics	CIVIL_ENGINEERING	Unmapped
5	💧 Water Resources Engineering	Study fluid behavior, hydraulics, hydrologic processes, water supply, treatment, drainage, and hydraulic structures used in the planning and design of civil engineering water systems.	Open Channel Hydraulics	Manning Equation	Hydraulics	CIVIL_ENGINEERING	Unmapped
5	💧 Water Resources Engineering	Study fluid behavior, hydraulics, hydrologic processes, water supply, treatment, drainage, and hydraulic structures used in the planning and design of civil engineering water systems.	Open Channel Hydraulics	Specific Energy	Hydraulics	CIVIL_ENGINEERING	Unmapped
5	💧 Water Resources Engineering	Study fluid behavior, hydraulics, hydrologic processes, water supply, treatment, drainage, and hydraulic structures used in the planning and design of civil engineering water systems.	Open Channel Hydraulics	Critical Flow	Hydraulics	CIVIL_ENGINEERING	Unmapped
5	💧 Water Resources Engineering	Study fluid behavior, hydraulics, hydrologic processes, water supply, treatment, drainage, and hydraulic structures used in the planning and design of civil engineering water systems.	Open Channel Hydraulics	Gradually Varied Flow	Hydraulics	CIVIL_ENGINEERING	Unmapped
5	💧 Water Resources Engineering	Study fluid behavior, hydraulics, hydrologic processes, water supply, treatment, drainage, and hydraulic structures used in the planning and design of civil engineering water systems.	Open Channel Hydraulics	Rapidly Varied Flow	Hydraulics	CIVIL_ENGINEERING	Unmapped
5	💧 Water Resources Engineering	Study fluid behavior, hydraulics, hydrologic processes, water supply, treatment, drainage, and hydraulic structures used in the planning and design of civil engineering water systems.	Open Channel Hydraulics	Hydraulic Jump	Hydraulics	CIVIL_ENGINEERING	Unmapped
5	💧 Water Resources Engineering	Study fluid behavior, hydraulics, hydrologic processes, water supply, treatment, drainage, and hydraulic structures used in the planning and design of civil engineering water systems.	Hydrologic Processes	Hydrologic Cycle	Hydrology	CIVIL_ENGINEERING	Unmapped
5	💧 Water Resources Engineering	Study fluid behavior, hydraulics, hydrologic processes, water supply, treatment, drainage, and hydraulic structures used in the planning and design of civil engineering water systems.	Hydrologic Processes	Precipitation	Hydrology	CIVIL_ENGINEERING	Unmapped
5	💧 Water Resources Engineering	Study fluid behavior, hydraulics, hydrologic processes, water supply, treatment, drainage, and hydraulic structures used in the planning and design of civil engineering water systems.	Hydrologic Processes	Evaporation	Hydrology	CIVIL_ENGINEERING	Unmapped
5	💧 Water Resources Engineering	Study fluid behavior, hydraulics, hydrologic processes, water supply, treatment, drainage, and hydraulic structures used in the planning and design of civil engineering water systems.	Hydrologic Processes	Infiltration	Hydrology	CIVIL_ENGINEERING	Unmapped
5	💧 Water Resources Engineering	Study fluid behavior, hydraulics, hydrologic processes, water supply, treatment, drainage, and hydraulic structures used in the planning and design of civil engineering water systems.	Hydrologic Processes	Surface Runoff	Hydrology	CIVIL_ENGINEERING	Unmapped
5	💧 Water Resources Engineering	Study fluid behavior, hydraulics, hydrologic processes, water supply, treatment, drainage, and hydraulic structures used in the planning and design of civil engineering water systems.	Hydrologic Processes	Watershed Analysis	Hydrology	CIVIL_ENGINEERING	Unmapped
5	💧 Water Resources Engineering	Study fluid behavior, hydraulics, hydrologic processes, water supply, treatment, drainage, and hydraulic structures used in the planning and design of civil engineering water systems.	Hydrographs, Floods, and Routing	Hydrographs	Hydrology	CIVIL_ENGINEERING	Unmapped
5	💧 Water Resources Engineering	Study fluid behavior, hydraulics, hydrologic processes, water supply, treatment, drainage, and hydraulic structures used in the planning and design of civil engineering water systems.	Hydrographs, Floods, and Routing	Flood Routing	Hydrology	CIVIL_ENGINEERING	Unmapped
5	💧 Water Resources Engineering	Study fluid behavior, hydraulics, hydrologic processes, water supply, treatment, drainage, and hydraulic structures used in the planning and design of civil engineering water systems.	Hydrographs, Floods, and Routing	Frequency Analysis	Hydrology	CIVIL_ENGINEERING	Unmapped
5	💧 Water Resources Engineering	Study fluid behavior, hydraulics, hydrologic processes, water supply, treatment, drainage, and hydraulic structures used in the planning and design of civil engineering water systems.	Hydrographs, Floods, and Routing	Reservoir Routing	Hydrology	CIVIL_ENGINEERING	Unmapped
5	💧 Water Resources Engineering	Study fluid behavior, hydraulics, hydrologic processes, water supply, treatment, drainage, and hydraulic structures used in the planning and design of civil engineering water systems.	Water Supply Systems	Sources of Water Supply	Water Supply Engineering	CIVIL_ENGINEERING	Unmapped
5	💧 Water Resources Engineering	Study fluid behavior, hydraulics, hydrologic processes, water supply, treatment, drainage, and hydraulic structures used in the planning and design of civil engineering water systems.	Water Supply Systems	Water Demand Estimation	Water Supply Engineering	CIVIL_ENGINEERING	Unmapped
5	💧 Water Resources Engineering	Study fluid behavior, hydraulics, hydrologic processes, water supply, treatment, drainage, and hydraulic structures used in the planning and design of civil engineering water systems.	Water Supply Systems	Water Distribution Systems	Water Supply Engineering	CIVIL_ENGINEERING	Unmapped
5	💧 Water Resources Engineering	Study fluid behavior, hydraulics, hydrologic processes, water supply, treatment, drainage, and hydraulic structures used in the planning and design of civil engineering water systems.	Water Supply Systems	Water Storage Facilities	Water Supply Engineering	CIVIL_ENGINEERING	Unmapped
5	💧 Water Resources Engineering	Study fluid behavior, hydraulics, hydrologic processes, water supply, treatment, drainage, and hydraulic structures used in the planning and design of civil engineering water systems.	Water Supply Systems	Pumping Stations	Water Supply Engineering	CIVIL_ENGINEERING	Unmapped
5	💧 Water Resources Engineering	Study fluid behavior, hydraulics, hydrologic processes, water supply, treatment, drainage, and hydraulic structures used in the planning and design of civil engineering water systems.	Water Supply Systems	Groundwater Systems	Water Supply Engineering	CIVIL_ENGINEERING	Unmapped
5	💧 Water Resources Engineering	Study fluid behavior, hydraulics, hydrologic processes, water supply, treatment, drainage, and hydraulic structures used in the planning and design of civil engineering water systems.	Water Supply Systems	Wells and Aquifers	Water Supply Engineering	CIVIL_ENGINEERING	Unmapped
5	💧 Water Resources Engineering	Study fluid behavior, hydraulics, hydrologic processes, water supply, treatment, drainage, and hydraulic structures used in the planning and design of civil engineering water systems.	Water Treatment	Water Quality Parameters	Water Treatment	CIVIL_ENGINEERING	Unmapped
5	💧 Water Resources Engineering	Study fluid behavior, hydraulics, hydrologic processes, water supply, treatment, drainage, and hydraulic structures used in the planning and design of civil engineering water systems.	Water Treatment	Coagulation and Flocculation	Water Treatment	CIVIL_ENGINEERING	Unmapped
5	💧 Water Resources Engineering	Study fluid behavior, hydraulics, hydrologic processes, water supply, treatment, drainage, and hydraulic structures used in the planning and design of civil engineering water systems.	Water Treatment	Sedimentation	Water Treatment	CIVIL_ENGINEERING	Unmapped
5	💧 Water Resources Engineering	Study fluid behavior, hydraulics, hydrologic processes, water supply, treatment, drainage, and hydraulic structures used in the planning and design of civil engineering water systems.	Water Treatment	Filtration	Water Treatment	CIVIL_ENGINEERING	Unmapped
5	💧 Water Resources Engineering	Study fluid behavior, hydraulics, hydrologic processes, water supply, treatment, drainage, and hydraulic structures used in the planning and design of civil engineering water systems.	Water Treatment	Disinfection	Water Treatment	CIVIL_ENGINEERING	Unmapped
5	💧 Water Resources Engineering	Study fluid behavior, hydraulics, hydrologic processes, water supply, treatment, drainage, and hydraulic structures used in the planning and design of civil engineering water systems.	Water Treatment	Water Treatment Plant Components	Water Treatment	CIVIL_ENGINEERING	Unmapped
5	💧 Water Resources Engineering	Study fluid behavior, hydraulics, hydrologic processes, water supply, treatment, drainage, and hydraulic structures used in the planning and design of civil engineering water systems.	Drainage Engineering	Stormwater Drainage Systems	Drainage Engineering	CIVIL_ENGINEERING	Unmapped
5	💧 Water Resources Engineering	Study fluid behavior, hydraulics, hydrologic processes, water supply, treatment, drainage, and hydraulic structures used in the planning and design of civil engineering water systems.	Drainage Engineering	Urban Drainage Design	Drainage Engineering	CIVIL_ENGINEERING	Unmapped
5	💧 Water Resources Engineering	Study fluid behavior, hydraulics, hydrologic processes, water supply, treatment, drainage, and hydraulic structures used in the planning and design of civil engineering water systems.	Drainage Engineering	Culverts	Drainage Engineering	CIVIL_ENGINEERING	Unmapped
5	💧 Water Resources Engineering	Study fluid behavior, hydraulics, hydrologic processes, water supply, treatment, drainage, and hydraulic structures used in the planning and design of civil engineering water systems.	Drainage Engineering	Storm Sewers	Drainage Engineering	CIVIL_ENGINEERING	Unmapped
5	💧 Water Resources Engineering	Study fluid behavior, hydraulics, hydrologic processes, water supply, treatment, drainage, and hydraulic structures used in the planning and design of civil engineering water systems.	Drainage Engineering	Flood Control Systems	Drainage Engineering	CIVIL_ENGINEERING	Unmapped
5	💧 Water Resources Engineering	Study fluid behavior, hydraulics, hydrologic processes, water supply, treatment, drainage, and hydraulic structures used in the planning and design of civil engineering water systems.	Hydraulic Structures	Dams	Hydraulic Structures	CIVIL_ENGINEERING	Unmapped
5	💧 Water Resources Engineering	Study fluid behavior, hydraulics, hydrologic processes, water supply, treatment, drainage, and hydraulic structures used in the planning and design of civil engineering water systems.	Hydraulic Structures	Spillways	Hydraulic Structures	CIVIL_ENGINEERING	Unmapped
5	💧 Water Resources Engineering	Study fluid behavior, hydraulics, hydrologic processes, water supply, treatment, drainage, and hydraulic structures used in the planning and design of civil engineering water systems.	Hydraulic Structures	Weirs	Hydraulic Structures	CIVIL_ENGINEERING	Unmapped
5	💧 Water Resources Engineering	Study fluid behavior, hydraulics, hydrologic processes, water supply, treatment, drainage, and hydraulic structures used in the planning and design of civil engineering water systems.	Hydraulic Structures	Reservoirs	Hydraulic Structures	CIVIL_ENGINEERING	Unmapped
5	💧 Water Resources Engineering	Study fluid behavior, hydraulics, hydrologic processes, water supply, treatment, drainage, and hydraulic structures used in the planning and design of civil engineering water systems.	Hydraulic Structures	Irrigation Canals	Hydraulic Structures	CIVIL_ENGINEERING	Unmapped
5	💧 Water Resources Engineering	Study fluid behavior, hydraulics, hydrologic processes, water supply, treatment, drainage, and hydraulic structures used in the planning and design of civil engineering water systems.	Hydraulic Structures	Diversion Structures	Hydraulic Structures	CIVIL_ENGINEERING	Unmapped
6	🚧 Transportation Engineering	Understand the planning, design, operation, and maintenance of transportation systems including highways, traffic facilities, pavements, railways, airports, ports, and multimodal transport networks.	Highway Planning and Geometric Design	Highway Planning	Highway Engineering	CIVIL_ENGINEERING	Unmapped
6	🚧 Transportation Engineering	Understand the planning, design, operation, and maintenance of transportation systems including highways, traffic facilities, pavements, railways, airports, ports, and multimodal transport networks.	Highway Planning and Geometric Design	Highway Classification	Highway Engineering	CIVIL_ENGINEERING	Unmapped
6	🚧 Transportation Engineering	Understand the planning, design, operation, and maintenance of transportation systems including highways, traffic facilities, pavements, railways, airports, ports, and multimodal transport networks.	Highway Planning and Geometric Design	Highway Alignment	Highway Engineering	CIVIL_ENGINEERING	Unmapped
6	🚧 Transportation Engineering	Understand the planning, design, operation, and maintenance of transportation systems including highways, traffic facilities, pavements, railways, airports, ports, and multimodal transport networks.	Highway Planning and Geometric Design	Geometric Design of Highways	Highway Engineering	CIVIL_ENGINEERING	Unmapped
6	🚧 Transportation Engineering	Understand the planning, design, operation, and maintenance of transportation systems including highways, traffic facilities, pavements, railways, airports, ports, and multimodal transport networks.	Highway Planning and Geometric Design	Horizontal Curves	Highway Engineering	CIVIL_ENGINEERING	Unmapped
6	🚧 Transportation Engineering	Understand the planning, design, operation, and maintenance of transportation systems including highways, traffic facilities, pavements, railways, airports, ports, and multimodal transport networks.	Highway Planning and Geometric Design	Vertical Curves	Highway Engineering	CIVIL_ENGINEERING	Unmapped
6	🚧 Transportation Engineering	Understand the planning, design, operation, and maintenance of transportation systems including highways, traffic facilities, pavements, railways, airports, ports, and multimodal transport networks.	Highway Planning and Geometric Design	Sight Distance	Highway Engineering	CIVIL_ENGINEERING	Unmapped
6	🚧 Transportation Engineering	Understand the planning, design, operation, and maintenance of transportation systems including highways, traffic facilities, pavements, railways, airports, ports, and multimodal transport networks.	Highway Planning and Geometric Design	Superelevation	Highway Engineering	CIVIL_ENGINEERING	Unmapped
6	🚧 Transportation Engineering	Understand the planning, design, operation, and maintenance of transportation systems including highways, traffic facilities, pavements, railways, airports, ports, and multimodal transport networks.	Highway Planning and Geometric Design	Highway Cross Sections	Highway Engineering	CIVIL_ENGINEERING	Unmapped
6	🚧 Transportation Engineering	Understand the planning, design, operation, and maintenance of transportation systems including highways, traffic facilities, pavements, railways, airports, ports, and multimodal transport networks.	Highway Planning and Geometric Design	Intersections	Highway Engineering	CIVIL_ENGINEERING	Unmapped
6	🚧 Transportation Engineering	Understand the planning, design, operation, and maintenance of transportation systems including highways, traffic facilities, pavements, railways, airports, ports, and multimodal transport networks.	Highway Planning and Geometric Design	Highway Drainage	Highway Engineering	CIVIL_ENGINEERING	Unmapped
6	🚧 Transportation Engineering	Understand the planning, design, operation, and maintenance of transportation systems including highways, traffic facilities, pavements, railways, airports, ports, and multimodal transport networks.	Traffic Studies and Flow	Traffic Characteristics	Traffic Engineering	CIVIL_ENGINEERING	Unmapped
6	🚧 Transportation Engineering	Understand the planning, design, operation, and maintenance of transportation systems including highways, traffic facilities, pavements, railways, airports, ports, and multimodal transport networks.	Traffic Studies and Flow	Traffic Volume Studies	Traffic Engineering	CIVIL_ENGINEERING	Unmapped
6	🚧 Transportation Engineering	Understand the planning, design, operation, and maintenance of transportation systems including highways, traffic facilities, pavements, railways, airports, ports, and multimodal transport networks.	Traffic Studies and Flow	Speed Studies	Traffic Engineering	CIVIL_ENGINEERING	Unmapped
6	🚧 Transportation Engineering	Understand the planning, design, operation, and maintenance of transportation systems including highways, traffic facilities, pavements, railways, airports, ports, and multimodal transport networks.	Traffic Studies and Flow	Travel Time and Delay Studies	Traffic Engineering	CIVIL_ENGINEERING	Unmapped
6	🚧 Transportation Engineering	Understand the planning, design, operation, and maintenance of transportation systems including highways, traffic facilities, pavements, railways, airports, ports, and multimodal transport networks.	Traffic Studies and Flow	Traffic Flow Fundamentals	Traffic Engineering	CIVIL_ENGINEERING	Unmapped
6	🚧 Transportation Engineering	Understand the planning, design, operation, and maintenance of transportation systems including highways, traffic facilities, pavements, railways, airports, ports, and multimodal transport networks.	Traffic Studies and Flow	Highway Capacity Analysis	Traffic Engineering	CIVIL_ENGINEERING	Unmapped
6	🚧 Transportation Engineering	Understand the planning, design, operation, and maintenance of transportation systems including highways, traffic facilities, pavements, railways, airports, ports, and multimodal transport networks.	Traffic Studies and Flow	Level of Service	Traffic Engineering	CIVIL_ENGINEERING	Unmapped
6	🚧 Transportation Engineering	Understand the planning, design, operation, and maintenance of transportation systems including highways, traffic facilities, pavements, railways, airports, ports, and multimodal transport networks.	Traffic Control and Safety	Traffic Control Devices	Traffic Engineering	CIVIL_ENGINEERING	Unmapped
6	🚧 Transportation Engineering	Understand the planning, design, operation, and maintenance of transportation systems including highways, traffic facilities, pavements, railways, airports, ports, and multimodal transport networks.	Traffic Control and Safety	Traffic Signals	Traffic Engineering	CIVIL_ENGINEERING	Unmapped
6	🚧 Transportation Engineering	Understand the planning, design, operation, and maintenance of transportation systems including highways, traffic facilities, pavements, railways, airports, ports, and multimodal transport networks.	Traffic Control and Safety	Signalized Intersections	Traffic Engineering	CIVIL_ENGINEERING	Unmapped
6	🚧 Transportation Engineering	Understand the planning, design, operation, and maintenance of transportation systems including highways, traffic facilities, pavements, railways, airports, ports, and multimodal transport networks.	Traffic Control and Safety	Parking Studies	Traffic Engineering	CIVIL_ENGINEERING	Unmapped
6	🚧 Transportation Engineering	Understand the planning, design, operation, and maintenance of transportation systems including highways, traffic facilities, pavements, railways, airports, ports, and multimodal transport networks.	Traffic Control and Safety	Road Safety Engineering	Traffic Engineering	CIVIL_ENGINEERING	Unmapped
6	🚧 Transportation Engineering	Understand the planning, design, operation, and maintenance of transportation systems including highways, traffic facilities, pavements, railways, airports, ports, and multimodal transport networks.	Pavement Engineering	Pavement Materials	Pavement Engineering	CIVIL_ENGINEERING	Unmapped
6	🚧 Transportation Engineering	Understand the planning, design, operation, and maintenance of transportation systems including highways, traffic facilities, pavements, railways, airports, ports, and multimodal transport networks.	Pavement Engineering	Flexible Pavements	Pavement Engineering	CIVIL_ENGINEERING	Unmapped
6	🚧 Transportation Engineering	Understand the planning, design, operation, and maintenance of transportation systems including highways, traffic facilities, pavements, railways, airports, ports, and multimodal transport networks.	Pavement Engineering	Rigid Pavements	Pavement Engineering	CIVIL_ENGINEERING	Unmapped
6	🚧 Transportation Engineering	Understand the planning, design, operation, and maintenance of transportation systems including highways, traffic facilities, pavements, railways, airports, ports, and multimodal transport networks.	Pavement Engineering	Flexible Pavement Design	Pavement Engineering	CIVIL_ENGINEERING	Unmapped
6	🚧 Transportation Engineering	Understand the planning, design, operation, and maintenance of transportation systems including highways, traffic facilities, pavements, railways, airports, ports, and multimodal transport networks.	Pavement Engineering	Rigid Pavement Design	Pavement Engineering	CIVIL_ENGINEERING	Unmapped
6	🚧 Transportation Engineering	Understand the planning, design, operation, and maintenance of transportation systems including highways, traffic facilities, pavements, railways, airports, ports, and multimodal transport networks.	Pavement Engineering	Pavement Distress	Pavement Engineering	CIVIL_ENGINEERING	Unmapped
6	🚧 Transportation Engineering	Understand the planning, design, operation, and maintenance of transportation systems including highways, traffic facilities, pavements, railways, airports, ports, and multimodal transport networks.	Pavement Engineering	Pavement Evaluation	Pavement Engineering	CIVIL_ENGINEERING	Unmapped
6	🚧 Transportation Engineering	Understand the planning, design, operation, and maintenance of transportation systems including highways, traffic facilities, pavements, railways, airports, ports, and multimodal transport networks.	Pavement Engineering	Pavement Maintenance and Rehabilitation	Pavement Engineering	CIVIL_ENGINEERING	Unmapped
6	🚧 Transportation Engineering	Understand the planning, design, operation, and maintenance of transportation systems including highways, traffic facilities, pavements, railways, airports, ports, and multimodal transport networks.	Airport Engineering	Airport Planning	Airport Engineering	CIVIL_ENGINEERING	Unmapped
6	🚧 Transportation Engineering	Understand the planning, design, operation, and maintenance of transportation systems including highways, traffic facilities, pavements, railways, airports, ports, and multimodal transport networks.	Airport Engineering	Airport Site Selection	Airport Engineering	CIVIL_ENGINEERING	Unmapped
6	🚧 Transportation Engineering	Understand the planning, design, operation, and maintenance of transportation systems including highways, traffic facilities, pavements, railways, airports, ports, and multimodal transport networks.	Airport Engineering	Runway Orientation	Airport Engineering	CIVIL_ENGINEERING	Unmapped
6	🚧 Transportation Engineering	Understand the planning, design, operation, and maintenance of transportation systems including highways, traffic facilities, pavements, railways, airports, ports, and multimodal transport networks.	Airport Engineering	Runway Design	Airport Engineering	CIVIL_ENGINEERING	Unmapped
6	🚧 Transportation Engineering	Understand the planning, design, operation, and maintenance of transportation systems including highways, traffic facilities, pavements, railways, airports, ports, and multimodal transport networks.	Airport Engineering	Taxiways	Airport Engineering	CIVIL_ENGINEERING	Unmapped
6	🚧 Transportation Engineering	Understand the planning, design, operation, and maintenance of transportation systems including highways, traffic facilities, pavements, railways, airports, ports, and multimodal transport networks.	Airport Engineering	Airport Layout	Airport Engineering	CIVIL_ENGINEERING	Unmapped
6	🚧 Transportation Engineering	Understand the planning, design, operation, and maintenance of transportation systems including highways, traffic facilities, pavements, railways, airports, ports, and multimodal transport networks.	Airport Engineering	Airfield Pavements	Airport Engineering	CIVIL_ENGINEERING	Unmapped
6	🚧 Transportation Engineering	Understand the planning, design, operation, and maintenance of transportation systems including highways, traffic facilities, pavements, railways, airports, ports, and multimodal transport networks.	Railway Engineering	Railway Components	Railway Engineering	CIVIL_ENGINEERING	Unmapped
6	🚧 Transportation Engineering	Understand the planning, design, operation, and maintenance of transportation systems including highways, traffic facilities, pavements, railways, airports, ports, and multimodal transport networks.	Railway Engineering	Railway Gauges	Railway Engineering	CIVIL_ENGINEERING	Unmapped
6	🚧 Transportation Engineering	Understand the planning, design, operation, and maintenance of transportation systems including highways, traffic facilities, pavements, railways, airports, ports, and multimodal transport networks.	Railway Engineering	Railway Alignment	Railway Engineering	CIVIL_ENGINEERING	Unmapped
6	🚧 Transportation Engineering	Understand the planning, design, operation, and maintenance of transportation systems including highways, traffic facilities, pavements, railways, airports, ports, and multimodal transport networks.	Railway Engineering	Track Geometry	Railway Engineering	CIVIL_ENGINEERING	Unmapped
6	🚧 Transportation Engineering	Understand the planning, design, operation, and maintenance of transportation systems including highways, traffic facilities, pavements, railways, airports, ports, and multimodal transport networks.	Railway Engineering	Railway Track Design	Railway Engineering	CIVIL_ENGINEERING	Unmapped
6	🚧 Transportation Engineering	Understand the planning, design, operation, and maintenance of transportation systems including highways, traffic facilities, pavements, railways, airports, ports, and multimodal transport networks.	Railway Engineering	Railway Operations	Railway Engineering	CIVIL_ENGINEERING	Unmapped
6	🚧 Transportation Engineering	Understand the planning, design, operation, and maintenance of transportation systems including highways, traffic facilities, pavements, railways, airports, ports, and multimodal transport networks.	Port and Harbor Engineering	Port and Harbor Planning	Port and Harbor Engineering	CIVIL_ENGINEERING	Unmapped
6	🚧 Transportation Engineering	Understand the planning, design, operation, and maintenance of transportation systems including highways, traffic facilities, pavements, railways, airports, ports, and multimodal transport networks.	Port and Harbor Engineering	Harbor Structures	Port and Harbor Engineering	CIVIL_ENGINEERING	Unmapped
6	🚧 Transportation Engineering	Understand the planning, design, operation, and maintenance of transportation systems including highways, traffic facilities, pavements, railways, airports, ports, and multimodal transport networks.	Port and Harbor Engineering	Breakwaters	Port and Harbor Engineering	CIVIL_ENGINEERING	Unmapped
6	🚧 Transportation Engineering	Understand the planning, design, operation, and maintenance of transportation systems including highways, traffic facilities, pavements, railways, airports, ports, and multimodal transport networks.	Port and Harbor Engineering	Wharves and Piers	Port and Harbor Engineering	CIVIL_ENGINEERING	Unmapped
6	🚧 Transportation Engineering	Understand the planning, design, operation, and maintenance of transportation systems including highways, traffic facilities, pavements, railways, airports, ports, and multimodal transport networks.	Port and Harbor Engineering	Navigation Channels	Port and Harbor Engineering	CIVIL_ENGINEERING	Unmapped
6	🚧 Transportation Engineering	Understand the planning, design, operation, and maintenance of transportation systems including highways, traffic facilities, pavements, railways, airports, ports, and multimodal transport networks.	Transportation Planning	Transportation Systems	Transportation Planning	CIVIL_ENGINEERING	Unmapped
6	🚧 Transportation Engineering	Understand the planning, design, operation, and maintenance of transportation systems including highways, traffic facilities, pavements, railways, airports, ports, and multimodal transport networks.	Transportation Planning	Transportation Surveys	Transportation Planning	CIVIL_ENGINEERING	Unmapped
6	🚧 Transportation Engineering	Understand the planning, design, operation, and maintenance of transportation systems including highways, traffic facilities, pavements, railways, airports, ports, and multimodal transport networks.	Transportation Planning	Travel Demand Forecasting	Transportation Planning	CIVIL_ENGINEERING	Unmapped
6	🚧 Transportation Engineering	Understand the planning, design, operation, and maintenance of transportation systems including highways, traffic facilities, pavements, railways, airports, ports, and multimodal transport networks.	Transportation Planning	Trip Generation	Transportation Planning	CIVIL_ENGINEERING	Unmapped
6	🚧 Transportation Engineering	Understand the planning, design, operation, and maintenance of transportation systems including highways, traffic facilities, pavements, railways, airports, ports, and multimodal transport networks.	Transportation Planning	Trip Distribution	Transportation Planning	CIVIL_ENGINEERING	Unmapped
6	🚧 Transportation Engineering	Understand the planning, design, operation, and maintenance of transportation systems including highways, traffic facilities, pavements, railways, airports, ports, and multimodal transport networks.	Transportation Planning	Modal Split	Transportation Planning	CIVIL_ENGINEERING	Unmapped
6	🚧 Transportation Engineering	Understand the planning, design, operation, and maintenance of transportation systems including highways, traffic facilities, pavements, railways, airports, ports, and multimodal transport networks.	Transportation Planning	Traffic Assignment	Transportation Planning	CIVIL_ENGINEERING	Unmapped
6	🚧 Transportation Engineering	Understand the planning, design, operation, and maintenance of transportation systems including highways, traffic facilities, pavements, railways, airports, ports, and multimodal transport networks.	Transportation Planning	Public Transportation	Transportation Planning	CIVIL_ENGINEERING	Unmapped
6	🚧 Transportation Engineering	Understand the planning, design, operation, and maintenance of transportation systems including highways, traffic facilities, pavements, railways, airports, ports, and multimodal transport networks.	Transportation Planning	Sustainable Transportation	Transportation Planning	CIVIL_ENGINEERING	Unmapped
6	🚧 Transportation Engineering	Understand the planning, design, operation, and maintenance of transportation systems including highways, traffic facilities, pavements, railways, airports, ports, and multimodal transport networks.	Transportation Planning	Intelligent Transportation Systems	Transportation Planning	CIVIL_ENGINEERING	Unmapped
7	🏢 Construction Engineering and Management	Develop practical knowledge of construction planning, scheduling, estimating, project management, safety, materials, quality control, and the coordination of construction activities.	Construction Planning	Construction Project Lifecycle	Construction Management	CIVIL_ENGINEERING	Unmapped
7	🏢 Construction Engineering and Management	Develop practical knowledge of construction planning, scheduling, estimating, project management, safety, materials, quality control, and the coordination of construction activities.	Construction Planning	Construction Planning Process	Construction Management	CIVIL_ENGINEERING	Unmapped
7	🏢 Construction Engineering and Management	Develop practical knowledge of construction planning, scheduling, estimating, project management, safety, materials, quality control, and the coordination of construction activities.	Construction Planning	Work Breakdown Structure	Construction Management	CIVIL_ENGINEERING	Unmapped
7	🏢 Construction Engineering and Management	Develop practical knowledge of construction planning, scheduling, estimating, project management, safety, materials, quality control, and the coordination of construction activities.	Construction Planning	Construction Methods	Construction Management	CIVIL_ENGINEERING	Unmapped
7	🏢 Construction Engineering and Management	Develop practical knowledge of construction planning, scheduling, estimating, project management, safety, materials, quality control, and the coordination of construction activities.	Construction Planning	Resource Planning	Construction Management	CIVIL_ENGINEERING	Unmapped
7	🏢 Construction Engineering and Management	Develop practical knowledge of construction planning, scheduling, estimating, project management, safety, materials, quality control, and the coordination of construction activities.	Construction Planning	Site Organization	Construction Management	CIVIL_ENGINEERING	Unmapped
7	🏢 Construction Engineering and Management	Develop practical knowledge of construction planning, scheduling, estimating, project management, safety, materials, quality control, and the coordination of construction activities.	Construction Planning	Construction Productivity	Construction Management	CIVIL_ENGINEERING	Unmapped
7	🏢 Construction Engineering and Management	Develop practical knowledge of construction planning, scheduling, estimating, project management, safety, materials, quality control, and the coordination of construction activities.	Construction Scheduling	Fundamentals of Project Scheduling	Construction Scheduling	CIVIL_ENGINEERING	Unmapped
7	🏢 Construction Engineering and Management	Develop practical knowledge of construction planning, scheduling, estimating, project management, safety, materials, quality control, and the coordination of construction activities.	Construction Scheduling	Activity Networks	Construction Scheduling	CIVIL_ENGINEERING	Unmapped
7	🏢 Construction Engineering and Management	Develop practical knowledge of construction planning, scheduling, estimating, project management, safety, materials, quality control, and the coordination of construction activities.	Construction Scheduling	Critical Path Method	Construction Scheduling	CIVIL_ENGINEERING	Unmapped
7	🏢 Construction Engineering and Management	Develop practical knowledge of construction planning, scheduling, estimating, project management, safety, materials, quality control, and the coordination of construction activities.	Construction Scheduling	Program Evaluation and Review Technique	Construction Scheduling	CIVIL_ENGINEERING	Unmapped
7	🏢 Construction Engineering and Management	Develop practical knowledge of construction planning, scheduling, estimating, project management, safety, materials, quality control, and the coordination of construction activities.	Construction Scheduling	Gantt Charts	Construction Scheduling	CIVIL_ENGINEERING	Unmapped
7	🏢 Construction Engineering and Management	Develop practical knowledge of construction planning, scheduling, estimating, project management, safety, materials, quality control, and the coordination of construction activities.	Construction Scheduling	Resource Scheduling	Construction Scheduling	CIVIL_ENGINEERING	Unmapped
7	🏢 Construction Engineering and Management	Develop practical knowledge of construction planning, scheduling, estimating, project management, safety, materials, quality control, and the coordination of construction activities.	Construction Scheduling	Resource Leveling	Construction Scheduling	CIVIL_ENGINEERING	Unmapped
7	🏢 Construction Engineering and Management	Develop practical knowledge of construction planning, scheduling, estimating, project management, safety, materials, quality control, and the coordination of construction activities.	Construction Scheduling	Project Monitoring and Schedule Control	Construction Scheduling	CIVIL_ENGINEERING	Unmapped
7	🏢 Construction Engineering and Management	Develop practical knowledge of construction planning, scheduling, estimating, project management, safety, materials, quality control, and the coordination of construction activities.	Construction Scheduling	Earned Value Fundamentals	Construction Scheduling	CIVIL_ENGINEERING	Unmapped
7	🏢 Construction Engineering and Management	Develop practical knowledge of construction planning, scheduling, estimating, project management, safety, materials, quality control, and the coordination of construction activities.	Construction Cost Engineering	Quantity Takeoff	Construction Cost Engineering	CIVIL_ENGINEERING	Unmapped
7	🏢 Construction Engineering and Management	Develop practical knowledge of construction planning, scheduling, estimating, project management, safety, materials, quality control, and the coordination of construction activities.	Construction Cost Engineering	Construction Cost Estimation	Construction Cost Engineering	CIVIL_ENGINEERING	Unmapped
7	🏢 Construction Engineering and Management	Develop practical knowledge of construction planning, scheduling, estimating, project management, safety, materials, quality control, and the coordination of construction activities.	Construction Cost Engineering	Unit Cost Analysis	Construction Cost Engineering	CIVIL_ENGINEERING	Unmapped
7	🏢 Construction Engineering and Management	Develop practical knowledge of construction planning, scheduling, estimating, project management, safety, materials, quality control, and the coordination of construction activities.	Construction Cost Engineering	Direct and Indirect Costs	Construction Cost Engineering	CIVIL_ENGINEERING	Unmapped
7	🏢 Construction Engineering and Management	Develop practical knowledge of construction planning, scheduling, estimating, project management, safety, materials, quality control, and the coordination of construction activities.	Construction Cost Engineering	Bid Preparation	Construction Cost Engineering	CIVIL_ENGINEERING	Unmapped
7	🏢 Construction Engineering and Management	Develop practical knowledge of construction planning, scheduling, estimating, project management, safety, materials, quality control, and the coordination of construction activities.	Construction Cost Engineering	Construction Budgeting	Construction Cost Engineering	CIVIL_ENGINEERING	Unmapped
7	🏢 Construction Engineering and Management	Develop practical knowledge of construction planning, scheduling, estimating, project management, safety, materials, quality control, and the coordination of construction activities.	Construction Cost Engineering	Cost Control	Construction Cost Engineering	CIVIL_ENGINEERING	Unmapped
7	🏢 Construction Engineering and Management	Develop practical knowledge of construction planning, scheduling, estimating, project management, safety, materials, quality control, and the coordination of construction activities.	Construction Cost Engineering	Value Engineering	Construction Cost Engineering	CIVIL_ENGINEERING	Unmapped
7	🏢 Construction Engineering and Management	Develop practical knowledge of construction planning, scheduling, estimating, project management, safety, materials, quality control, and the coordination of construction activities.	Project Management	Project Scope Management	Project Management	ENGINEERING_SCIENCES	Unmapped
7	🏢 Construction Engineering and Management	Develop practical knowledge of construction planning, scheduling, estimating, project management, safety, materials, quality control, and the coordination of construction activities.	Project Management	Project Time Management	Project Management	ENGINEERING_SCIENCES	Unmapped
7	🏢 Construction Engineering and Management	Develop practical knowledge of construction planning, scheduling, estimating, project management, safety, materials, quality control, and the coordination of construction activities.	Project Management	Project Cost Management	Project Management	ENGINEERING_SCIENCES	Unmapped
7	🏢 Construction Engineering and Management	Develop practical knowledge of construction planning, scheduling, estimating, project management, safety, materials, quality control, and the coordination of construction activities.	Project Management	Project Risk Management	Project Management	ENGINEERING_SCIENCES	Unmapped
7	🏢 Construction Engineering and Management	Develop practical knowledge of construction planning, scheduling, estimating, project management, safety, materials, quality control, and the coordination of construction activities.	Project Management	Project Quality Management	Project Management	ENGINEERING_SCIENCES	Unmapped
7	🏢 Construction Engineering and Management	Develop practical knowledge of construction planning, scheduling, estimating, project management, safety, materials, quality control, and the coordination of construction activities.	Project Management	Procurement Management	Project Management	ENGINEERING_SCIENCES	Unmapped
7	🏢 Construction Engineering and Management	Develop practical knowledge of construction planning, scheduling, estimating, project management, safety, materials, quality control, and the coordination of construction activities.	Project Management	Stakeholder Management	Project Management	ENGINEERING_SCIENCES	Unmapped
7	🏢 Construction Engineering and Management	Develop practical knowledge of construction planning, scheduling, estimating, project management, safety, materials, quality control, and the coordination of construction activities.	Project Management	Project Communication	Project Management	ENGINEERING_SCIENCES	Unmapped
7	🏢 Construction Engineering and Management	Develop practical knowledge of construction planning, scheduling, estimating, project management, safety, materials, quality control, and the coordination of construction activities.	Construction Safety	Construction Hazards	Construction Safety	PROFESSIONAL_PRACTICE_AND_REGULATION	Unmapped
7	🏢 Construction Engineering and Management	Develop practical knowledge of construction planning, scheduling, estimating, project management, safety, materials, quality control, and the coordination of construction activities.	Construction Safety	Hazard Identification	Construction Safety	PROFESSIONAL_PRACTICE_AND_REGULATION	Unmapped
7	🏢 Construction Engineering and Management	Develop practical knowledge of construction planning, scheduling, estimating, project management, safety, materials, quality control, and the coordination of construction activities.	Construction Safety	Risk Assessment	Construction Safety	PROFESSIONAL_PRACTICE_AND_REGULATION	Unmapped
7	🏢 Construction Engineering and Management	Develop practical knowledge of construction planning, scheduling, estimating, project management, safety, materials, quality control, and the coordination of construction activities.	Construction Safety	Personal Protective Equipment	Construction Safety	PROFESSIONAL_PRACTICE_AND_REGULATION	Unmapped
7	🏢 Construction Engineering and Management	Develop practical knowledge of construction planning, scheduling, estimating, project management, safety, materials, quality control, and the coordination of construction activities.	Construction Safety	Occupational Safety Standards	Construction Safety	PROFESSIONAL_PRACTICE_AND_REGULATION	Unmapped
7	🏢 Construction Engineering and Management	Develop practical knowledge of construction planning, scheduling, estimating, project management, safety, materials, quality control, and the coordination of construction activities.	Construction Safety	Construction Safety Plans	Construction Safety	PROFESSIONAL_PRACTICE_AND_REGULATION	Unmapped
7	🏢 Construction Engineering and Management	Develop practical knowledge of construction planning, scheduling, estimating, project management, safety, materials, quality control, and the coordination of construction activities.	Construction Safety	Accident Prevention and Investigation	Construction Safety	PROFESSIONAL_PRACTICE_AND_REGULATION	Unmapped
7	🏢 Construction Engineering and Management	Develop practical knowledge of construction planning, scheduling, estimating, project management, safety, materials, quality control, and the coordination of construction activities.	Construction Materials	Cement	Construction Materials and Testing	CIVIL_ENGINEERING	Unmapped
7	🏢 Construction Engineering and Management	Develop practical knowledge of construction planning, scheduling, estimating, project management, safety, materials, quality control, and the coordination of construction activities.	Construction Materials	Concrete	Construction Materials and Testing	CIVIL_ENGINEERING	Unmapped
7	🏢 Construction Engineering and Management	Develop practical knowledge of construction planning, scheduling, estimating, project management, safety, materials, quality control, and the coordination of construction activities.	Construction Materials	Aggregates	Construction Materials and Testing	CIVIL_ENGINEERING	Unmapped
7	🏢 Construction Engineering and Management	Develop practical knowledge of construction planning, scheduling, estimating, project management, safety, materials, quality control, and the coordination of construction activities.	Construction Materials	Reinforcing and Structural Steel	Construction Materials and Testing	CIVIL_ENGINEERING	Unmapped
7	🏢 Construction Engineering and Management	Develop practical knowledge of construction planning, scheduling, estimating, project management, safety, materials, quality control, and the coordination of construction activities.	Construction Materials	Asphalt	Construction Materials and Testing	CIVIL_ENGINEERING	Unmapped
7	🏢 Construction Engineering and Management	Develop practical knowledge of construction planning, scheduling, estimating, project management, safety, materials, quality control, and the coordination of construction activities.	Construction Materials	Timber	Construction Materials and Testing	CIVIL_ENGINEERING	Unmapped
7	🏢 Construction Engineering and Management	Develop practical knowledge of construction planning, scheduling, estimating, project management, safety, materials, quality control, and the coordination of construction activities.	Construction Materials	Masonry	Construction Materials and Testing	CIVIL_ENGINEERING	Unmapped
7	🏢 Construction Engineering and Management	Develop practical knowledge of construction planning, scheduling, estimating, project management, safety, materials, quality control, and the coordination of construction activities.	Construction Materials	Glass	Construction Materials and Testing	CIVIL_ENGINEERING	Unmapped
7	🏢 Construction Engineering and Management	Develop practical knowledge of construction planning, scheduling, estimating, project management, safety, materials, quality control, and the coordination of construction activities.	Construction Materials	Advanced Construction Materials	Construction Materials and Testing	CIVIL_ENGINEERING	Unmapped
7	🏢 Construction Engineering and Management	Develop practical knowledge of construction planning, scheduling, estimating, project management, safety, materials, quality control, and the coordination of construction activities.	Materials Testing	Cement Testing	Construction Materials and Testing	CIVIL_ENGINEERING	Unmapped
7	🏢 Construction Engineering and Management	Develop practical knowledge of construction planning, scheduling, estimating, project management, safety, materials, quality control, and the coordination of construction activities.	Materials Testing	Concrete Testing	Construction Materials and Testing	CIVIL_ENGINEERING	Unmapped
7	🏢 Construction Engineering and Management	Develop practical knowledge of construction planning, scheduling, estimating, project management, safety, materials, quality control, and the coordination of construction activities.	Materials Testing	Aggregate Testing	Construction Materials and Testing	CIVIL_ENGINEERING	Unmapped
7	🏢 Construction Engineering and Management	Develop practical knowledge of construction planning, scheduling, estimating, project management, safety, materials, quality control, and the coordination of construction activities.	Materials Testing	Steel Testing	Construction Materials and Testing	CIVIL_ENGINEERING	Unmapped
7	🏢 Construction Engineering and Management	Develop practical knowledge of construction planning, scheduling, estimating, project management, safety, materials, quality control, and the coordination of construction activities.	Materials Testing	Asphalt Testing	Construction Materials and Testing	CIVIL_ENGINEERING	Unmapped
7	🏢 Construction Engineering and Management	Develop practical knowledge of construction planning, scheduling, estimating, project management, safety, materials, quality control, and the coordination of construction activities.	Materials Testing	Soil Testing for Construction	Construction Materials and Testing	CIVIL_ENGINEERING	Unmapped
7	🏢 Construction Engineering and Management	Develop practical knowledge of construction planning, scheduling, estimating, project management, safety, materials, quality control, and the coordination of construction activities.	Materials Testing	Non-Destructive Testing	Construction Materials and Testing	CIVIL_ENGINEERING	Unmapped
8	📍 Surveying and Geomatics	Master the principles and techniques of surveying, leveling, traversing, topographic mapping, construction layout, coordinate computation, and modern geospatial technologies used in civil engineering projects.	Surveying Fundamentals	Principles of Surveying	Surveying	CIVIL_ENGINEERING	Unmapped
8	📍 Surveying and Geomatics	Master the principles and techniques of surveying, leveling, traversing, topographic mapping, construction layout, coordinate computation, and modern geospatial technologies used in civil engineering projects.	Surveying Fundamentals	Types of Surveys	Surveying	CIVIL_ENGINEERING	Unmapped
8	📍 Surveying and Geomatics	Master the principles and techniques of surveying, leveling, traversing, topographic mapping, construction layout, coordinate computation, and modern geospatial technologies used in civil engineering projects.	Surveying Fundamentals	Survey Units	Surveying	CIVIL_ENGINEERING	Unmapped
8	📍 Surveying and Geomatics	Master the principles and techniques of surveying, leveling, traversing, topographic mapping, construction layout, coordinate computation, and modern geospatial technologies used in civil engineering projects.	Surveying Fundamentals	Significant Figures and Precision	Surveying	CIVIL_ENGINEERING	Unmapped
8	📍 Surveying and Geomatics	Master the principles and techniques of surveying, leveling, traversing, topographic mapping, construction layout, coordinate computation, and modern geospatial technologies used in civil engineering projects.	Surveying Fundamentals	Survey Accuracy	Surveying	CIVIL_ENGINEERING	Unmapped
8	📍 Surveying and Geomatics	Master the principles and techniques of surveying, leveling, traversing, topographic mapping, construction layout, coordinate computation, and modern geospatial technologies used in civil engineering projects.	Surveying Fundamentals	Sources of Survey Errors	Surveying	CIVIL_ENGINEERING	Unmapped
8	📍 Surveying and Geomatics	Master the principles and techniques of surveying, leveling, traversing, topographic mapping, construction layout, coordinate computation, and modern geospatial technologies used in civil engineering projects.	Surveying Fundamentals	Error Propagation	Surveying	CIVIL_ENGINEERING	Unmapped
8	📍 Surveying and Geomatics	Master the principles and techniques of surveying, leveling, traversing, topographic mapping, construction layout, coordinate computation, and modern geospatial technologies used in civil engineering projects.	Surveying Fundamentals	Survey Instruments	Surveying	CIVIL_ENGINEERING	Unmapped
8	📍 Surveying and Geomatics	Master the principles and techniques of surveying, leveling, traversing, topographic mapping, construction layout, coordinate computation, and modern geospatial technologies used in civil engineering projects.	Distance and Angle Measurement	Chain Surveying	Surveying	CIVIL_ENGINEERING	Unmapped
8	📍 Surveying and Geomatics	Master the principles and techniques of surveying, leveling, traversing, topographic mapping, construction layout, coordinate computation, and modern geospatial technologies used in civil engineering projects.	Distance and Angle Measurement	Tape Measurement	Surveying	CIVIL_ENGINEERING	Unmapped
8	📍 Surveying and Geomatics	Master the principles and techniques of surveying, leveling, traversing, topographic mapping, construction layout, coordinate computation, and modern geospatial technologies used in civil engineering projects.	Distance and Angle Measurement	Tape Corrections	Surveying	CIVIL_ENGINEERING	Unmapped
8	📍 Surveying and Geomatics	Master the principles and techniques of surveying, leveling, traversing, topographic mapping, construction layout, coordinate computation, and modern geospatial technologies used in civil engineering projects.	Distance and Angle Measurement	Electronic Distance Measurement	Surveying	CIVIL_ENGINEERING	Unmapped
8	📍 Surveying and Geomatics	Master the principles and techniques of surveying, leveling, traversing, topographic mapping, construction layout, coordinate computation, and modern geospatial technologies used in civil engineering projects.	Distance and Angle Measurement	Compass Surveying	Surveying	CIVIL_ENGINEERING	Unmapped
8	📍 Surveying and Geomatics	Master the principles and techniques of surveying, leveling, traversing, topographic mapping, construction layout, coordinate computation, and modern geospatial technologies used in civil engineering projects.	Distance and Angle Measurement	Bearings and Azimuths	Surveying	CIVIL_ENGINEERING	Unmapped
8	📍 Surveying and Geomatics	Master the principles and techniques of surveying, leveling, traversing, topographic mapping, construction layout, coordinate computation, and modern geospatial technologies used in civil engineering projects.	Distance and Angle Measurement	Horizontal Angle Measurement	Surveying	CIVIL_ENGINEERING	Unmapped
8	📍 Surveying and Geomatics	Master the principles and techniques of surveying, leveling, traversing, topographic mapping, construction layout, coordinate computation, and modern geospatial technologies used in civil engineering projects.	Distance and Angle Measurement	Vertical Angle Measurement	Surveying	CIVIL_ENGINEERING	Unmapped
8	📍 Surveying and Geomatics	Master the principles and techniques of surveying, leveling, traversing, topographic mapping, construction layout, coordinate computation, and modern geospatial technologies used in civil engineering projects.	Leveling	Principles of Leveling	Leveling	CIVIL_ENGINEERING	Unmapped
8	📍 Surveying and Geomatics	Master the principles and techniques of surveying, leveling, traversing, topographic mapping, construction layout, coordinate computation, and modern geospatial technologies used in civil engineering projects.	Leveling	Differential Leveling	Leveling	CIVIL_ENGINEERING	Unmapped
8	📍 Surveying and Geomatics	Master the principles and techniques of surveying, leveling, traversing, topographic mapping, construction layout, coordinate computation, and modern geospatial technologies used in civil engineering projects.	Leveling	Profile Leveling	Leveling	CIVIL_ENGINEERING	Unmapped
8	📍 Surveying and Geomatics	Master the principles and techniques of surveying, leveling, traversing, topographic mapping, construction layout, coordinate computation, and modern geospatial technologies used in civil engineering projects.	Leveling	Cross-Section Leveling	Leveling	CIVIL_ENGINEERING	Unmapped
8	📍 Surveying and Geomatics	Master the principles and techniques of surveying, leveling, traversing, topographic mapping, construction layout, coordinate computation, and modern geospatial technologies used in civil engineering projects.	Leveling	Reciprocal Leveling	Leveling	CIVIL_ENGINEERING	Unmapped
8	📍 Surveying and Geomatics	Master the principles and techniques of surveying, leveling, traversing, topographic mapping, construction layout, coordinate computation, and modern geospatial technologies used in civil engineering projects.	Leveling	Leveling Errors and Adjustments	Leveling	CIVIL_ENGINEERING	Unmapped
8	📍 Surveying and Geomatics	Master the principles and techniques of surveying, leveling, traversing, topographic mapping, construction layout, coordinate computation, and modern geospatial technologies used in civil engineering projects.	Leveling	Contour Mapping	Leveling	CIVIL_ENGINEERING	Unmapped
8	📍 Surveying and Geomatics	Master the principles and techniques of surveying, leveling, traversing, topographic mapping, construction layout, coordinate computation, and modern geospatial technologies used in civil engineering projects.	Traverse Surveying	Traverse Fundamentals	Traverse Surveying	CIVIL_ENGINEERING	Unmapped
8	📍 Surveying and Geomatics	Master the principles and techniques of surveying, leveling, traversing, topographic mapping, construction layout, coordinate computation, and modern geospatial technologies used in civil engineering projects.	Traverse Surveying	Open Traverse	Traverse Surveying	CIVIL_ENGINEERING	Unmapped
8	📍 Surveying and Geomatics	Master the principles and techniques of surveying, leveling, traversing, topographic mapping, construction layout, coordinate computation, and modern geospatial technologies used in civil engineering projects.	Traverse Surveying	Closed Traverse	Traverse Surveying	CIVIL_ENGINEERING	Unmapped
8	📍 Surveying and Geomatics	Master the principles and techniques of surveying, leveling, traversing, topographic mapping, construction layout, coordinate computation, and modern geospatial technologies used in civil engineering projects.	Traverse Surveying	Latitude and Departure	Traverse Surveying	CIVIL_ENGINEERING	Unmapped
8	📍 Surveying and Geomatics	Master the principles and techniques of surveying, leveling, traversing, topographic mapping, construction layout, coordinate computation, and modern geospatial technologies used in civil engineering projects.	Traverse Surveying	Traverse Closure	Traverse Surveying	CIVIL_ENGINEERING	Unmapped
8	📍 Surveying and Geomatics	Master the principles and techniques of surveying, leveling, traversing, topographic mapping, construction layout, coordinate computation, and modern geospatial technologies used in civil engineering projects.	Traverse Surveying	Traverse Adjustment	Traverse Surveying	CIVIL_ENGINEERING	Unmapped
8	📍 Surveying and Geomatics	Master the principles and techniques of surveying, leveling, traversing, topographic mapping, construction layout, coordinate computation, and modern geospatial technologies used in civil engineering projects.	Traverse Surveying	Coordinate Computation	Traverse Surveying	CIVIL_ENGINEERING	Unmapped
8	📍 Surveying and Geomatics	Master the principles and techniques of surveying, leveling, traversing, topographic mapping, construction layout, coordinate computation, and modern geospatial technologies used in civil engineering projects.	Traverse Surveying	Area by Coordinates	Traverse Surveying	CIVIL_ENGINEERING	Unmapped
8	📍 Surveying and Geomatics	Master the principles and techniques of surveying, leveling, traversing, topographic mapping, construction layout, coordinate computation, and modern geospatial technologies used in civil engineering projects.	Topographic Surveying	Topographic Mapping	Topographic Surveying	CIVIL_ENGINEERING	Unmapped
8	📍 Surveying and Geomatics	Master the principles and techniques of surveying, leveling, traversing, topographic mapping, construction layout, coordinate computation, and modern geospatial technologies used in civil engineering projects.	Topographic Surveying	Contour Characteristics	Topographic Surveying	CIVIL_ENGINEERING	Unmapped
8	📍 Surveying and Geomatics	Master the principles and techniques of surveying, leveling, traversing, topographic mapping, construction layout, coordinate computation, and modern geospatial technologies used in civil engineering projects.	Topographic Surveying	Contour Interpolation	Topographic Surveying	CIVIL_ENGINEERING	Unmapped
8	📍 Surveying and Geomatics	Master the principles and techniques of surveying, leveling, traversing, topographic mapping, construction layout, coordinate computation, and modern geospatial technologies used in civil engineering projects.	Topographic Surveying	Contour Interpretation	Topographic Surveying	CIVIL_ENGINEERING	Unmapped
8	📍 Surveying and Geomatics	Master the principles and techniques of surveying, leveling, traversing, topographic mapping, construction layout, coordinate computation, and modern geospatial technologies used in civil engineering projects.	Topographic Surveying	Digital Terrain Models	Topographic Surveying	CIVIL_ENGINEERING	Unmapped
8	📍 Surveying and Geomatics	Master the principles and techniques of surveying, leveling, traversing, topographic mapping, construction layout, coordinate computation, and modern geospatial technologies used in civil engineering projects.	Construction Surveying	Building Layout	Construction Surveying	CIVIL_ENGINEERING	Unmapped
8	📍 Surveying and Geomatics	Master the principles and techniques of surveying, leveling, traversing, topographic mapping, construction layout, coordinate computation, and modern geospatial technologies used in civil engineering projects.	Construction Surveying	Horizontal and Vertical Control	Construction Surveying	CIVIL_ENGINEERING	Unmapped
8	📍 Surveying and Geomatics	Master the principles and techniques of surveying, leveling, traversing, topographic mapping, construction layout, coordinate computation, and modern geospatial technologies used in civil engineering projects.	Construction Surveying	Road Layout	Construction Surveying	CIVIL_ENGINEERING	Unmapped
8	📍 Surveying and Geomatics	Master the principles and techniques of surveying, leveling, traversing, topographic mapping, construction layout, coordinate computation, and modern geospatial technologies used in civil engineering projects.	Construction Surveying	Bridge Layout	Construction Surveying	CIVIL_ENGINEERING	Unmapped
8	📍 Surveying and Geomatics	Master the principles and techniques of surveying, leveling, traversing, topographic mapping, construction layout, coordinate computation, and modern geospatial technologies used in civil engineering projects.	Construction Surveying	Curve Setting	Construction Surveying	CIVIL_ENGINEERING	Unmapped
8	📍 Surveying and Geomatics	Master the principles and techniques of surveying, leveling, traversing, topographic mapping, construction layout, coordinate computation, and modern geospatial technologies used in civil engineering projects.	Construction Surveying	Earthwork Surveying	Construction Surveying	CIVIL_ENGINEERING	Unmapped
8	📍 Surveying and Geomatics	Master the principles and techniques of surveying, leveling, traversing, topographic mapping, construction layout, coordinate computation, and modern geospatial technologies used in civil engineering projects.	Construction Surveying	Cut and Fill Computations	Construction Surveying	CIVIL_ENGINEERING	Unmapped
8	📍 Surveying and Geomatics	Master the principles and techniques of surveying, leveling, traversing, topographic mapping, construction layout, coordinate computation, and modern geospatial technologies used in civil engineering projects.	Geospatial Technologies	Total Station Surveying	Geospatial Technologies	CIVIL_ENGINEERING	Unmapped
8	📍 Surveying and Geomatics	Master the principles and techniques of surveying, leveling, traversing, topographic mapping, construction layout, coordinate computation, and modern geospatial technologies used in civil engineering projects.	Geospatial Technologies	GPS and GNSS Fundamentals	Geospatial Technologies	CIVIL_ENGINEERING	Unmapped
8	📍 Surveying and Geomatics	Master the principles and techniques of surveying, leveling, traversing, topographic mapping, construction layout, coordinate computation, and modern geospatial technologies used in civil engineering projects.	Geospatial Technologies	GNSS Positioning Methods	Geospatial Technologies	CIVIL_ENGINEERING	Unmapped
8	📍 Surveying and Geomatics	Master the principles and techniques of surveying, leveling, traversing, topographic mapping, construction layout, coordinate computation, and modern geospatial technologies used in civil engineering projects.	Geospatial Technologies	GIS Fundamentals	Geospatial Technologies	CIVIL_ENGINEERING	Unmapped
8	📍 Surveying and Geomatics	Master the principles and techniques of surveying, leveling, traversing, topographic mapping, construction layout, coordinate computation, and modern geospatial technologies used in civil engineering projects.	Geospatial Technologies	Remote Sensing	Geospatial Technologies	CIVIL_ENGINEERING	Unmapped
8	📍 Surveying and Geomatics	Master the principles and techniques of surveying, leveling, traversing, topographic mapping, construction layout, coordinate computation, and modern geospatial technologies used in civil engineering projects.	Geospatial Technologies	Drone Surveying	Geospatial Technologies	CIVIL_ENGINEERING	Unmapped
8	📍 Surveying and Geomatics	Master the principles and techniques of surveying, leveling, traversing, topographic mapping, construction layout, coordinate computation, and modern geospatial technologies used in civil engineering projects.	Geospatial Technologies	Digital Mapping	Geospatial Technologies	CIVIL_ENGINEERING	Unmapped
9	🌱 Environmental Engineering	Understand water quality, wastewater treatment, solid waste management, air pollution control, environmental assessment, sanitation, and sustainable engineering practices that protect public health and the environment.	Water Quality	Physical Water Quality Parameters	Water Quality Engineering	CIVIL_ENGINEERING	Unmapped
9	🌱 Environmental Engineering	Understand water quality, wastewater treatment, solid waste management, air pollution control, environmental assessment, sanitation, and sustainable engineering practices that protect public health and the environment.	Water Quality	Chemical Water Quality Parameters	Water Quality Engineering	CIVIL_ENGINEERING	Unmapped
9	🌱 Environmental Engineering	Understand water quality, wastewater treatment, solid waste management, air pollution control, environmental assessment, sanitation, and sustainable engineering practices that protect public health and the environment.	Water Quality	Biological Water Quality Parameters	Water Quality Engineering	CIVIL_ENGINEERING	Unmapped
9	🌱 Environmental Engineering	Understand water quality, wastewater treatment, solid waste management, air pollution control, environmental assessment, sanitation, and sustainable engineering practices that protect public health and the environment.	Water Quality	Water Quality Standards	Water Quality Engineering	CIVIL_ENGINEERING	Unmapped
9	🌱 Environmental Engineering	Understand water quality, wastewater treatment, solid waste management, air pollution control, environmental assessment, sanitation, and sustainable engineering practices that protect public health and the environment.	Wastewater Collection and Treatment	Wastewater Characteristics	Wastewater Engineering	CIVIL_ENGINEERING	Unmapped
9	🌱 Environmental Engineering	Understand water quality, wastewater treatment, solid waste management, air pollution control, environmental assessment, sanitation, and sustainable engineering practices that protect public health and the environment.	Wastewater Collection and Treatment	Wastewater Flow	Wastewater Engineering	CIVIL_ENGINEERING	Unmapped
9	🌱 Environmental Engineering	Understand water quality, wastewater treatment, solid waste management, air pollution control, environmental assessment, sanitation, and sustainable engineering practices that protect public health and the environment.	Wastewater Collection and Treatment	Sewerage Systems	Wastewater Engineering	CIVIL_ENGINEERING	Unmapped
9	🌱 Environmental Engineering	Understand water quality, wastewater treatment, solid waste management, air pollution control, environmental assessment, sanitation, and sustainable engineering practices that protect public health and the environment.	Wastewater Collection and Treatment	Wastewater Collection	Wastewater Engineering	CIVIL_ENGINEERING	Unmapped
9	🌱 Environmental Engineering	Understand water quality, wastewater treatment, solid waste management, air pollution control, environmental assessment, sanitation, and sustainable engineering practices that protect public health and the environment.	Wastewater Collection and Treatment	Preliminary Treatment	Wastewater Engineering	CIVIL_ENGINEERING	Unmapped
9	🌱 Environmental Engineering	Understand water quality, wastewater treatment, solid waste management, air pollution control, environmental assessment, sanitation, and sustainable engineering practices that protect public health and the environment.	Wastewater Collection and Treatment	Primary Treatment	Wastewater Engineering	CIVIL_ENGINEERING	Unmapped
9	🌱 Environmental Engineering	Understand water quality, wastewater treatment, solid waste management, air pollution control, environmental assessment, sanitation, and sustainable engineering practices that protect public health and the environment.	Wastewater Collection and Treatment	Biological Treatment	Wastewater Engineering	CIVIL_ENGINEERING	Unmapped
9	🌱 Environmental Engineering	Understand water quality, wastewater treatment, solid waste management, air pollution control, environmental assessment, sanitation, and sustainable engineering practices that protect public health and the environment.	Wastewater Collection and Treatment	Secondary Treatment	Wastewater Engineering	CIVIL_ENGINEERING	Unmapped
9	🌱 Environmental Engineering	Understand water quality, wastewater treatment, solid waste management, air pollution control, environmental assessment, sanitation, and sustainable engineering practices that protect public health and the environment.	Wastewater Collection and Treatment	Advanced Wastewater Treatment	Wastewater Engineering	CIVIL_ENGINEERING	Unmapped
9	🌱 Environmental Engineering	Understand water quality, wastewater treatment, solid waste management, air pollution control, environmental assessment, sanitation, and sustainable engineering practices that protect public health and the environment.	Wastewater Collection and Treatment	Sludge Treatment and Disposal	Wastewater Engineering	CIVIL_ENGINEERING	Unmapped
9	🌱 Environmental Engineering	Understand water quality, wastewater treatment, solid waste management, air pollution control, environmental assessment, sanitation, and sustainable engineering practices that protect public health and the environment.	Solid Waste Management	Solid Waste Characteristics	Solid Waste Management	CIVIL_ENGINEERING	Unmapped
9	🌱 Environmental Engineering	Understand water quality, wastewater treatment, solid waste management, air pollution control, environmental assessment, sanitation, and sustainable engineering practices that protect public health and the environment.	Solid Waste Management	Waste Generation	Solid Waste Management	CIVIL_ENGINEERING	Unmapped
9	🌱 Environmental Engineering	Understand water quality, wastewater treatment, solid waste management, air pollution control, environmental assessment, sanitation, and sustainable engineering practices that protect public health and the environment.	Solid Waste Management	Waste Collection	Solid Waste Management	CIVIL_ENGINEERING	Unmapped
9	🌱 Environmental Engineering	Understand water quality, wastewater treatment, solid waste management, air pollution control, environmental assessment, sanitation, and sustainable engineering practices that protect public health and the environment.	Solid Waste Management	Waste Transfer and Transport	Solid Waste Management	CIVIL_ENGINEERING	Unmapped
9	🌱 Environmental Engineering	Understand water quality, wastewater treatment, solid waste management, air pollution control, environmental assessment, sanitation, and sustainable engineering practices that protect public health and the environment.	Solid Waste Management	Recycling	Solid Waste Management	CIVIL_ENGINEERING	Unmapped
9	🌱 Environmental Engineering	Understand water quality, wastewater treatment, solid waste management, air pollution control, environmental assessment, sanitation, and sustainable engineering practices that protect public health and the environment.	Solid Waste Management	Composting	Solid Waste Management	CIVIL_ENGINEERING	Unmapped
9	🌱 Environmental Engineering	Understand water quality, wastewater treatment, solid waste management, air pollution control, environmental assessment, sanitation, and sustainable engineering practices that protect public health and the environment.	Solid Waste Management	Sanitary Landfills	Solid Waste Management	CIVIL_ENGINEERING	Unmapped
9	🌱 Environmental Engineering	Understand water quality, wastewater treatment, solid waste management, air pollution control, environmental assessment, sanitation, and sustainable engineering practices that protect public health and the environment.	Solid Waste Management	Integrated Solid Waste Management	Solid Waste Management	CIVIL_ENGINEERING	Unmapped
9	🌱 Environmental Engineering	Understand water quality, wastewater treatment, solid waste management, air pollution control, environmental assessment, sanitation, and sustainable engineering practices that protect public health and the environment.	Air Pollution Engineering	Sources of Air Pollution	Air Pollution Engineering	CIVIL_ENGINEERING	Unmapped
9	🌱 Environmental Engineering	Understand water quality, wastewater treatment, solid waste management, air pollution control, environmental assessment, sanitation, and sustainable engineering practices that protect public health and the environment.	Air Pollution Engineering	Major Air Pollutants	Air Pollution Engineering	CIVIL_ENGINEERING	Unmapped
9	🌱 Environmental Engineering	Understand water quality, wastewater treatment, solid waste management, air pollution control, environmental assessment, sanitation, and sustainable engineering practices that protect public health and the environment.	Air Pollution Engineering	Air Quality Standards	Air Pollution Engineering	CIVIL_ENGINEERING	Unmapped
9	🌱 Environmental Engineering	Understand water quality, wastewater treatment, solid waste management, air pollution control, environmental assessment, sanitation, and sustainable engineering practices that protect public health and the environment.	Air Pollution Engineering	Atmospheric Dispersion	Air Pollution Engineering	CIVIL_ENGINEERING	Unmapped
9	🌱 Environmental Engineering	Understand water quality, wastewater treatment, solid waste management, air pollution control, environmental assessment, sanitation, and sustainable engineering practices that protect public health and the environment.	Air Pollution Engineering	Air Pollution Control Technologies	Air Pollution Engineering	CIVIL_ENGINEERING	Unmapped
9	🌱 Environmental Engineering	Understand water quality, wastewater treatment, solid waste management, air pollution control, environmental assessment, sanitation, and sustainable engineering practices that protect public health and the environment.	Environmental Impact Assessment	Environmental Impact Assessment Process	Environmental Impact Assessment	PROFESSIONAL_PRACTICE_AND_REGULATION	Unmapped
9	🌱 Environmental Engineering	Understand water quality, wastewater treatment, solid waste management, air pollution control, environmental assessment, sanitation, and sustainable engineering practices that protect public health and the environment.	Environmental Impact Assessment	Environmental Impact Statements	Environmental Impact Assessment	PROFESSIONAL_PRACTICE_AND_REGULATION	Unmapped
9	🌱 Environmental Engineering	Understand water quality, wastewater treatment, solid waste management, air pollution control, environmental assessment, sanitation, and sustainable engineering practices that protect public health and the environment.	Environmental Impact Assessment	Environmental Risk Assessment	Environmental Impact Assessment	PROFESSIONAL_PRACTICE_AND_REGULATION	Unmapped
9	🌱 Environmental Engineering	Understand water quality, wastewater treatment, solid waste management, air pollution control, environmental assessment, sanitation, and sustainable engineering practices that protect public health and the environment.	Environmental Impact Assessment	Environmental Monitoring	Environmental Impact Assessment	PROFESSIONAL_PRACTICE_AND_REGULATION	Unmapped
9	🌱 Environmental Engineering	Understand water quality, wastewater treatment, solid waste management, air pollution control, environmental assessment, sanitation, and sustainable engineering practices that protect public health and the environment.	Environmental Impact Assessment	Environmental Compliance	Environmental Impact Assessment	PROFESSIONAL_PRACTICE_AND_REGULATION	Unmapped
9	🌱 Environmental Engineering	Understand water quality, wastewater treatment, solid waste management, air pollution control, environmental assessment, sanitation, and sustainable engineering practices that protect public health and the environment.	Sanitation and Public Health	Septic Systems	Sanitary Engineering	CIVIL_ENGINEERING	Unmapped
9	🌱 Environmental Engineering	Understand water quality, wastewater treatment, solid waste management, air pollution control, environmental assessment, sanitation, and sustainable engineering practices that protect public health and the environment.	Sanitation and Public Health	Sewer Networks	Sanitary Engineering	CIVIL_ENGINEERING	Unmapped
9	🌱 Environmental Engineering	Understand water quality, wastewater treatment, solid waste management, air pollution control, environmental assessment, sanitation, and sustainable engineering practices that protect public health and the environment.	Sanitation and Public Health	On-Site Sanitation Systems	Sanitary Engineering	CIVIL_ENGINEERING	Unmapped
9	🌱 Environmental Engineering	Understand water quality, wastewater treatment, solid waste management, air pollution control, environmental assessment, sanitation, and sustainable engineering practices that protect public health and the environment.	Sanitation and Public Health	Public Health Engineering	Sanitary Engineering	CIVIL_ENGINEERING	Unmapped
9	🌱 Environmental Engineering	Understand water quality, wastewater treatment, solid waste management, air pollution control, environmental assessment, sanitation, and sustainable engineering practices that protect public health and the environment.	Sanitation and Public Health	Sanitation Facilities	Sanitary Engineering	CIVIL_ENGINEERING	Unmapped
9	🌱 Environmental Engineering	Understand water quality, wastewater treatment, solid waste management, air pollution control, environmental assessment, sanitation, and sustainable engineering practices that protect public health and the environment.	Sustainable Engineering	Sustainable Development	Sustainable Engineering	CIVIL_ENGINEERING	Unmapped
9	🌱 Environmental Engineering	Understand water quality, wastewater treatment, solid waste management, air pollution control, environmental assessment, sanitation, and sustainable engineering practices that protect public health and the environment.	Sustainable Engineering	Green Infrastructure	Sustainable Engineering	CIVIL_ENGINEERING	Unmapped
9	🌱 Environmental Engineering	Understand water quality, wastewater treatment, solid waste management, air pollution control, environmental assessment, sanitation, and sustainable engineering practices that protect public health and the environment.	Sustainable Engineering	Low-Impact Development	Sustainable Engineering	CIVIL_ENGINEERING	Unmapped
9	🌱 Environmental Engineering	Understand water quality, wastewater treatment, solid waste management, air pollution control, environmental assessment, sanitation, and sustainable engineering practices that protect public health and the environment.	Sustainable Engineering	Climate Change Mitigation	Sustainable Engineering	CIVIL_ENGINEERING	Unmapped
9	🌱 Environmental Engineering	Understand water quality, wastewater treatment, solid waste management, air pollution control, environmental assessment, sanitation, and sustainable engineering practices that protect public health and the environment.	Sustainable Engineering	Climate Change Adaptation	Sustainable Engineering	CIVIL_ENGINEERING	Unmapped
9	🌱 Environmental Engineering	Understand water quality, wastewater treatment, solid waste management, air pollution control, environmental assessment, sanitation, and sustainable engineering practices that protect public health and the environment.	Sustainable Engineering	Environmental Conservation	Sustainable Engineering	CIVIL_ENGINEERING	Unmapped
10	⚖️ Engineering Laws and Professional Practice	Understand the laws, ethics, professional responsibilities, contracts, procurement processes, codes, and standards that govern the safe and responsible practice of civil engineering.	Civil Engineering Profession	Civil Engineering as a Profession	Civil Engineering Professional Practice	PROFESSIONAL_PRACTICE_AND_REGULATION	Unmapped
10	⚖️ Engineering Laws and Professional Practice	Understand the laws, ethics, professional responsibilities, contracts, procurement processes, codes, and standards that govern the safe and responsible practice of civil engineering.	Civil Engineering Profession	Scope of Civil Engineering Practice	Civil Engineering Professional Practice	PROFESSIONAL_PRACTICE_AND_REGULATION	Unmapped
10	⚖️ Engineering Laws and Professional Practice	Understand the laws, ethics, professional responsibilities, contracts, procurement processes, codes, and standards that govern the safe and responsible practice of civil engineering.	Civil Engineering Profession	Roles and Responsibilities of Civil Engineers	Civil Engineering Professional Practice	PROFESSIONAL_PRACTICE_AND_REGULATION	Unmapped
10	⚖️ Engineering Laws and Professional Practice	Understand the laws, ethics, professional responsibilities, contracts, procurement processes, codes, and standards that govern the safe and responsible practice of civil engineering.	Civil Engineering Profession	Professional Licensure and Registration	Civil Engineering Professional Practice	PROFESSIONAL_PRACTICE_AND_REGULATION	Unmapped
10	⚖️ Engineering Laws and Professional Practice	Understand the laws, ethics, professional responsibilities, contracts, procurement processes, codes, and standards that govern the safe and responsible practice of civil engineering.	Civil Engineering Profession	Continuing Professional Development	Civil Engineering Professional Practice	PROFESSIONAL_PRACTICE_AND_REGULATION	Unmapped
10	⚖️ Engineering Laws and Professional Practice	Understand the laws, ethics, professional responsibilities, contracts, procurement processes, codes, and standards that govern the safe and responsible practice of civil engineering.	Professional Ethics	Code of Ethics for Civil Engineers	Civil Engineering Ethics	PROFESSIONAL_PRACTICE_AND_REGULATION	Unmapped
10	⚖️ Engineering Laws and Professional Practice	Understand the laws, ethics, professional responsibilities, contracts, procurement processes, codes, and standards that govern the safe and responsible practice of civil engineering.	Professional Ethics	Professional Conduct	Civil Engineering Ethics	PROFESSIONAL_PRACTICE_AND_REGULATION	Unmapped
10	⚖️ Engineering Laws and Professional Practice	Understand the laws, ethics, professional responsibilities, contracts, procurement processes, codes, and standards that govern the safe and responsible practice of civil engineering.	Professional Ethics	Conflict of Interest	Civil Engineering Ethics	PROFESSIONAL_PRACTICE_AND_REGULATION	Unmapped
10	⚖️ Engineering Laws and Professional Practice	Understand the laws, ethics, professional responsibilities, contracts, procurement processes, codes, and standards that govern the safe and responsible practice of civil engineering.	Professional Ethics	Ethical Decision-Making	Civil Engineering Ethics	PROFESSIONAL_PRACTICE_AND_REGULATION	Unmapped
10	⚖️ Engineering Laws and Professional Practice	Understand the laws, ethics, professional responsibilities, contracts, procurement processes, codes, and standards that govern the safe and responsible practice of civil engineering.	Professional Ethics	Professional Accountability	Civil Engineering Ethics	PROFESSIONAL_PRACTICE_AND_REGULATION	Unmapped
10	⚖️ Engineering Laws and Professional Practice	Understand the laws, ethics, professional responsibilities, contracts, procurement processes, codes, and standards that govern the safe and responsible practice of civil engineering.	Professional Ethics	Public Safety and Welfare	Civil Engineering Ethics	PROFESSIONAL_PRACTICE_AND_REGULATION	Unmapped
10	⚖️ Engineering Laws and Professional Practice	Understand the laws, ethics, professional responsibilities, contracts, procurement processes, codes, and standards that govern the safe and responsible practice of civil engineering.	Civil Engineering Laws and Codes	Republic Act No. 544 — Civil Engineering Law	Civil Engineering Laws	PROFESSIONAL_PRACTICE_AND_REGULATION	Unmapped
10	⚖️ Engineering Laws and Professional Practice	Understand the laws, ethics, professional responsibilities, contracts, procurement processes, codes, and standards that govern the safe and responsible practice of civil engineering.	Civil Engineering Laws and Codes	Amendments and Key Provisions Affecting Civil Engineering Practice	Civil Engineering Laws	PROFESSIONAL_PRACTICE_AND_REGULATION	Unmapped
10	⚖️ Engineering Laws and Professional Practice	Understand the laws, ethics, professional responsibilities, contracts, procurement processes, codes, and standards that govern the safe and responsible practice of civil engineering.	Civil Engineering Laws and Codes	Professional Regulation of Civil Engineering	Civil Engineering Laws	PROFESSIONAL_PRACTICE_AND_REGULATION	Unmapped
10	⚖️ Engineering Laws and Professional Practice	Understand the laws, ethics, professional responsibilities, contracts, procurement processes, codes, and standards that govern the safe and responsible practice of civil engineering.	Civil Engineering Laws and Codes	National Building Code — Civil Engineering Perspective	Civil Engineering Laws	PROFESSIONAL_PRACTICE_AND_REGULATION	Unmapped
10	⚖️ Engineering Laws and Professional Practice	Understand the laws, ethics, professional responsibilities, contracts, procurement processes, codes, and standards that govern the safe and responsible practice of civil engineering.	Civil Engineering Laws and Codes	National Structural Code Overview	Civil Engineering Laws	PROFESSIONAL_PRACTICE_AND_REGULATION	Unmapped
10	⚖️ Engineering Laws and Professional Practice	Understand the laws, ethics, professional responsibilities, contracts, procurement processes, codes, and standards that govern the safe and responsible practice of civil engineering.	Civil Engineering Laws and Codes	Occupational Safety and Health Requirements	Civil Engineering Laws	PROFESSIONAL_PRACTICE_AND_REGULATION	Unmapped
10	⚖️ Engineering Laws and Professional Practice	Understand the laws, ethics, professional responsibilities, contracts, procurement processes, codes, and standards that govern the safe and responsible practice of civil engineering.	Civil Engineering Laws and Codes	Environmental Laws Relevant to Civil Engineering	Civil Engineering Laws	PROFESSIONAL_PRACTICE_AND_REGULATION	Unmapped
10	⚖️ Engineering Laws and Professional Practice	Understand the laws, ethics, professional responsibilities, contracts, procurement processes, codes, and standards that govern the safe and responsible practice of civil engineering.	Construction Contracts	Fundamentals of Construction Contracts	Construction Contracts	PROFESSIONAL_PRACTICE_AND_REGULATION	Unmapped
10	⚖️ Engineering Laws and Professional Practice	Understand the laws, ethics, professional responsibilities, contracts, procurement processes, codes, and standards that govern the safe and responsible practice of civil engineering.	Construction Contracts	Types of Construction Contracts	Construction Contracts	PROFESSIONAL_PRACTICE_AND_REGULATION	Unmapped
10	⚖️ Engineering Laws and Professional Practice	Understand the laws, ethics, professional responsibilities, contracts, procurement processes, codes, and standards that govern the safe and responsible practice of civil engineering.	Construction Contracts	Contract Documents	Construction Contracts	PROFESSIONAL_PRACTICE_AND_REGULATION	Unmapped
10	⚖️ Engineering Laws and Professional Practice	Understand the laws, ethics, professional responsibilities, contracts, procurement processes, codes, and standards that govern the safe and responsible practice of civil engineering.	Construction Contracts	Plans and Specifications	Construction Contracts	PROFESSIONAL_PRACTICE_AND_REGULATION	Unmapped
10	⚖️ Engineering Laws and Professional Practice	Understand the laws, ethics, professional responsibilities, contracts, procurement processes, codes, and standards that govern the safe and responsible practice of civil engineering.	Construction Contracts	Contract Administration	Construction Contracts	PROFESSIONAL_PRACTICE_AND_REGULATION	Unmapped
10	⚖️ Engineering Laws and Professional Practice	Understand the laws, ethics, professional responsibilities, contracts, procurement processes, codes, and standards that govern the safe and responsible practice of civil engineering.	Construction Contracts	Variations and Change Orders	Construction Contracts	PROFESSIONAL_PRACTICE_AND_REGULATION	Unmapped
10	⚖️ Engineering Laws and Professional Practice	Understand the laws, ethics, professional responsibilities, contracts, procurement processes, codes, and standards that govern the safe and responsible practice of civil engineering.	Construction Contracts	Construction Claims	Construction Contracts	PROFESSIONAL_PRACTICE_AND_REGULATION	Unmapped
10	⚖️ Engineering Laws and Professional Practice	Understand the laws, ethics, professional responsibilities, contracts, procurement processes, codes, and standards that govern the safe and responsible practice of civil engineering.	Construction Contracts	Delays and Extensions of Time	Construction Contracts	PROFESSIONAL_PRACTICE_AND_REGULATION	Unmapped
10	⚖️ Engineering Laws and Professional Practice	Understand the laws, ethics, professional responsibilities, contracts, procurement processes, codes, and standards that govern the safe and responsible practice of civil engineering.	Construction Contracts	Dispute Resolution	Construction Contracts	PROFESSIONAL_PRACTICE_AND_REGULATION	Unmapped
10	⚖️ Engineering Laws and Professional Practice	Understand the laws, ethics, professional responsibilities, contracts, procurement processes, codes, and standards that govern the safe and responsible practice of civil engineering.	Procurement	Fundamentals of Public Procurement	Procurement	PROFESSIONAL_PRACTICE_AND_REGULATION	Unmapped
10	⚖️ Engineering Laws and Professional Practice	Understand the laws, ethics, professional responsibilities, contracts, procurement processes, codes, and standards that govern the safe and responsible practice of civil engineering.	Procurement	Government Procurement Law	Procurement	PROFESSIONAL_PRACTICE_AND_REGULATION	Unmapped
10	⚖️ Engineering Laws and Professional Practice	Understand the laws, ethics, professional responsibilities, contracts, procurement processes, codes, and standards that govern the safe and responsible practice of civil engineering.	Procurement	Bidding Procedures	Procurement	PROFESSIONAL_PRACTICE_AND_REGULATION	Unmapped
10	⚖️ Engineering Laws and Professional Practice	Understand the laws, ethics, professional responsibilities, contracts, procurement processes, codes, and standards that govern the safe and responsible practice of civil engineering.	Procurement	Bid Evaluation	Procurement	PROFESSIONAL_PRACTICE_AND_REGULATION	Unmapped
10	⚖️ Engineering Laws and Professional Practice	Understand the laws, ethics, professional responsibilities, contracts, procurement processes, codes, and standards that govern the safe and responsible practice of civil engineering.	Procurement	Procurement Ethics	Procurement	PROFESSIONAL_PRACTICE_AND_REGULATION	Unmapped
10	⚖️ Engineering Laws and Professional Practice	Understand the laws, ethics, professional responsibilities, contracts, procurement processes, codes, and standards that govern the safe and responsible practice of civil engineering.	Procurement	Project Delivery Methods	Procurement	PROFESSIONAL_PRACTICE_AND_REGULATION	Unmapped
10	⚖️ Engineering Laws and Professional Practice	Understand the laws, ethics, professional responsibilities, contracts, procurement processes, codes, and standards that govern the safe and responsible practice of civil engineering.	Engineering Codes and Standards	Purpose of Engineering Codes and Standards	Engineering Codes and Standards	PROFESSIONAL_PRACTICE_AND_REGULATION	Unmapped
10	⚖️ Engineering Laws and Professional Practice	Understand the laws, ethics, professional responsibilities, contracts, procurement processes, codes, and standards that govern the safe and responsible practice of civil engineering.	Engineering Codes and Standards	Design Codes	Engineering Codes and Standards	PROFESSIONAL_PRACTICE_AND_REGULATION	Unmapped
10	⚖️ Engineering Laws and Professional Practice	Understand the laws, ethics, professional responsibilities, contracts, procurement processes, codes, and standards that govern the safe and responsible practice of civil engineering.	Engineering Codes and Standards	Engineering Specifications	Engineering Codes and Standards	PROFESSIONAL_PRACTICE_AND_REGULATION	Unmapped
10	⚖️ Engineering Laws and Professional Practice	Understand the laws, ethics, professional responsibilities, contracts, procurement processes, codes, and standards that govern the safe and responsible practice of civil engineering.	Engineering Codes and Standards	Quality Assurance Standards	Engineering Codes and Standards	PROFESSIONAL_PRACTICE_AND_REGULATION	Unmapped
10	⚖️ Engineering Laws and Professional Practice	Understand the laws, ethics, professional responsibilities, contracts, procurement processes, codes, and standards that govern the safe and responsible practice of civil engineering.	Engineering Codes and Standards	Local vs. International Engineering Standards	Engineering Codes and Standards	PROFESSIONAL_PRACTICE_AND_REGULATION	Unmapped
