plan_no	subject_plan	plan_description	section	note_title	note_subject	domain_context	applicable_programs	status
1	💰 Financial Accounting and Reporting	The recognition, measurement, and reporting of business transactions and financial statement elements under Philippine Financial Reporting Standards (PFRS).	Financial Reporting Framework and the Accountancy Profession	Break-Even Analysis and Cost-Volume-Profit Relationships	Cost Accounting	ACCOUNTANCY	Accountancy	Reuse
1	💰 Financial Accounting and Reporting	The recognition, measurement, and reporting of business transactions and financial statement elements under Philippine Financial Reporting Standards (PFRS).	Financial Reporting Framework and the Accountancy Profession	Contribution Margin and Its Role in Business Decision-Making	Cost Accounting	ACCOUNTANCY	Accountancy	Reuse
1	💰 Financial Accounting and Reporting	The recognition, measurement, and reporting of business transactions and financial statement elements under Philippine Financial Reporting Standards (PFRS).	Financial Reporting Framework and the Accountancy Profession	Fixed, Variable, and Mixed Costs in Cost Accounting	Cost Accounting	ACCOUNTANCY	Accountancy	Reuse
1	💰 Financial Accounting and Reporting	The recognition, measurement, and reporting of business transactions and financial statement elements under Philippine Financial Reporting Standards (PFRS).	Financial Reporting Framework and the Accountancy Profession	Fundamentals of Variance Analysis in Cost Accounting	Cost Accounting	ACCOUNTANCY	Accountancy	Reuse
1	💰 Financial Accounting and Reporting	The recognition, measurement, and reporting of business transactions and financial statement elements under Philippine Financial Reporting Standards (PFRS).	Financial Reporting Framework and the Accountancy Profession	Standard Costing Concepts in Cost Accounting	Cost Accounting	ACCOUNTANCY	Accountancy	Reuse
1	💰 Financial Accounting and Reporting	The recognition, measurement, and reporting of business transactions and financial statement elements under Philippine Financial Reporting Standards (PFRS).	Financial Reporting Framework and the Accountancy Profession	IASB, IFRS Interpretations Committee, FRSC, and PIC	Financial Accounting and Reporting	ACCOUNTANCY	Accountancy	New
1	💰 Financial Accounting and Reporting	The recognition, measurement, and reporting of business transactions and financial statement elements under Philippine Financial Reporting Standards (PFRS).	Financial Reporting Framework and the Accountancy Profession	Regulation and Sectors of the Philippine Accountancy Profession	Financial Accounting and Reporting	ACCOUNTANCY	Accountancy	New
1	💰 Financial Accounting and Reporting	The recognition, measurement, and reporting of business transactions and financial statement elements under Philippine Financial Reporting Standards (PFRS).	Conceptual Framework	Concepts of Capital and Capital Maintenance	Financial Accounting and Reporting	ACCOUNTANCY	Accountancy	New
1	💰 Financial Accounting and Reporting	The recognition, measurement, and reporting of business transactions and financial statement elements under Philippine Financial Reporting Standards (PFRS).	Conceptual Framework	Objective and Status of the Conceptual Framework	Financial Accounting and Reporting	ACCOUNTANCY	Accountancy	New
1	💰 Financial Accounting and Reporting	The recognition, measurement, and reporting of business transactions and financial statement elements under Philippine Financial Reporting Standards (PFRS).	Conceptual Framework	Qualitative Characteristics of Useful Financial Information	Financial Accounting and Reporting	ACCOUNTANCY	Accountancy	New
1	💰 Financial Accounting and Reporting	The recognition, measurement, and reporting of business transactions and financial statement elements under Philippine Financial Reporting Standards (PFRS).	Conceptual Framework	Recognition, Derecognition, and Measurement of Financial Statement Elements	Financial Accounting and Reporting	ACCOUNTANCY	Accountancy	New
1	💰 Financial Accounting and Reporting	The recognition, measurement, and reporting of business transactions and financial statement elements under Philippine Financial Reporting Standards (PFRS).	Accounting Process and Cycle	Accounting Equation and Double-Entry Accounting	Fundamentals of Accounting	ACCOUNTANCY	Accountancy	Existing
1	💰 Financial Accounting and Reporting	The recognition, measurement, and reporting of business transactions and financial statement elements under Philippine Financial Reporting Standards (PFRS).	Accounting Process and Cycle	Adjusting Entries and Accrual Accounting	Financial Accounting	ACCOUNTANCY	Accountancy	Existing
1	💰 Financial Accounting and Reporting	The recognition, measurement, and reporting of business transactions and financial statement elements under Philippine Financial Reporting Standards (PFRS).	Accounting Process and Cycle	Basic Accounting Equation and Components	Accounting – Basic Concepts	ACCOUNTANCY	Accountancy	Existing
1	💰 Financial Accounting and Reporting	The recognition, measurement, and reporting of business transactions and financial statement elements under Philippine Financial Reporting Standards (PFRS).	Accounting Process and Cycle	Closing Entries in Accounting	Fundamentals of Accounting	ACCOUNTANCY	Accountancy	Existing
1	💰 Financial Accounting and Reporting	The recognition, measurement, and reporting of business transactions and financial statement elements under Philippine Financial Reporting Standards (PFRS).	Accounting Process and Cycle	Error Correction in Accounting	Fundamentals of Accounting	ACCOUNTANCY	Accountancy	Existing
1	💰 Financial Accounting and Reporting	The recognition, measurement, and reporting of business transactions and financial statement elements under Philippine Financial Reporting Standards (PFRS).	Accounting Process and Cycle	Journal Entries in Fundamentals of Accounting	Fundamentals of Accounting	ACCOUNTANCY	Accountancy	Existing
1	💰 Financial Accounting and Reporting	The recognition, measurement, and reporting of business transactions and financial statement elements under Philippine Financial Reporting Standards (PFRS).	Accounting Process and Cycle	Ledger in Accounting: Structure and Function	Fundamentals of Accounting	ACCOUNTANCY	Accountancy	Existing
1	💰 Financial Accounting and Reporting	The recognition, measurement, and reporting of business transactions and financial statement elements under Philippine Financial Reporting Standards (PFRS).	Accounting Process and Cycle	The Accounting Cycle: Steps for Accurate Financial Reporting	Fundamentals of Accounting	ACCOUNTANCY	Accountancy	Existing
1	💰 Financial Accounting and Reporting	The recognition, measurement, and reporting of business transactions and financial statement elements under Philippine Financial Reporting Standards (PFRS).	Accounting Process and Cycle	Trial Balance in Accounting: Purpose and Preparation	Fundamentals of Accounting	ACCOUNTANCY	Accountancy	Existing
1	💰 Financial Accounting and Reporting	The recognition, measurement, and reporting of business transactions and financial statement elements under Philippine Financial Reporting Standards (PFRS).	Accounting Process and Cycle	Understanding Debits and Credits in Financial Accounting	Fundamentals of Accounting	ACCOUNTANCY	Accountancy	Existing
1	💰 Financial Accounting and Reporting	The recognition, measurement, and reporting of business transactions and financial statement elements under Philippine Financial Reporting Standards (PFRS).	Accounting Process and Cycle	Adjusting Entries and the Accrual Basis of Accounting	Fundamentals of Accounting	ACCOUNTANCY	Accountancy	Reuse
1	💰 Financial Accounting and Reporting	The recognition, measurement, and reporting of business transactions and financial statement elements under Philippine Financial Reporting Standards (PFRS).	Presentation of Financial Statements	Direct and Indirect Methods of Preparing the Statement of Cash Flows	Cash Flow	ACCOUNTANCY	Accountancy	Existing
1	💰 Financial Accounting and Reporting	The recognition, measurement, and reporting of business transactions and financial statement elements under Philippine Financial Reporting Standards (PFRS).	Presentation of Financial Statements	Financial Statement Effects of Inflation	Financial Accounting	ACCOUNTANCY	Accountancy	Existing
1	💰 Financial Accounting and Reporting	The recognition, measurement, and reporting of business transactions and financial statement elements under Philippine Financial Reporting Standards (PFRS).	Presentation of Financial Statements	Classification of Cash Flows: Operating, Investing, and Financing Activities	Cash Flow	ACCOUNTANCY	Accountancy	Reuse
1	💰 Financial Accounting and Reporting	The recognition, measurement, and reporting of business transactions and financial statement elements under Philippine Financial Reporting Standards (PFRS).	Presentation of Financial Statements	Comparative Analysis of Cash Flow and Net Income in Financial Accounting	Financial Accounting	ACCOUNTANCY	Accountancy	Reuse
1	💰 Financial Accounting and Reporting	The recognition, measurement, and reporting of business transactions and financial statement elements under Philippine Financial Reporting Standards (PFRS).	Presentation of Financial Statements	Inflation Effects on Financial Statements in Accounting	Accountancy	ACCOUNTANCY	Accountancy	Reuse
1	💰 Financial Accounting and Reporting	The recognition, measurement, and reporting of business transactions and financial statement elements under Philippine Financial Reporting Standards (PFRS).	Presentation of Financial Statements	Inventory Errors and Their Effects on Financial Statements	Inventory	ACCOUNTANCY	Accountancy	Reuse
1	💰 Financial Accounting and Reporting	The recognition, measurement, and reporting of business transactions and financial statement elements under Philippine Financial Reporting Standards (PFRS).	Presentation of Financial Statements	The Four Primary Financial Statements and Their Uses in Financial Reporting	Financial Reporting	ACCOUNTANCY	Accountancy	Reuse
1	💰 Financial Accounting and Reporting	The recognition, measurement, and reporting of business transactions and financial statement elements under Philippine Financial Reporting Standards (PFRS).	Presentation of Financial Statements	Notes to Financial Statements and Disclosure Principles	Financial Accounting and Reporting	ACCOUNTANCY	Accountancy	New
1	💰 Financial Accounting and Reporting	The recognition, measurement, and reporting of business transactions and financial statement elements under Philippine Financial Reporting Standards (PFRS).	Presentation of Financial Statements	Statement of Changes in Equity	Financial Accounting and Reporting	ACCOUNTANCY	Accountancy	New
1	💰 Financial Accounting and Reporting	The recognition, measurement, and reporting of business transactions and financial statement elements under Philippine Financial Reporting Standards (PFRS).	Presentation of Financial Statements	Statement of Financial Position: Classification and Presentation	Financial Accounting and Reporting	ACCOUNTANCY	Accountancy	New
1	💰 Financial Accounting and Reporting	The recognition, measurement, and reporting of business transactions and financial statement elements under Philippine Financial Reporting Standards (PFRS).	Presentation of Financial Statements	Statement of Profit or Loss and Other Comprehensive Income	Financial Accounting and Reporting	ACCOUNTANCY	Accountancy	New
1	💰 Financial Accounting and Reporting	The recognition, measurement, and reporting of business transactions and financial statement elements under Philippine Financial Reporting Standards (PFRS).	Cash and Receivables	Cash Management and Cash Equivalents in Financial Reporting	Fundamentals of Accounting	ACCOUNTANCY	Accountancy	Existing
1	💰 Financial Accounting and Reporting	The recognition, measurement, and reporting of business transactions and financial statement elements under Philippine Financial Reporting Standards (PFRS).	Cash and Receivables	Cash and Receivables Management in Accounting	Financial Accounting	ACCOUNTANCY	Accountancy	Existing
1	💰 Financial Accounting and Reporting	The recognition, measurement, and reporting of business transactions and financial statement elements under Philippine Financial Reporting Standards (PFRS).	Cash and Receivables	Accounts Receivable and Allowance for Doubtful Accounts	Fundamentals of Accounting	ACCOUNTANCY	Accountancy	Reuse
1	💰 Financial Accounting and Reporting	The recognition, measurement, and reporting of business transactions and financial statement elements under Philippine Financial Reporting Standards (PFRS).	Cash and Receivables	Bank Reconciliation Statements in Accountancy	Cash and Receivables	ACCOUNTANCY	Accountancy	Reuse
1	💰 Financial Accounting and Reporting	The recognition, measurement, and reporting of business transactions and financial statement elements under Philippine Financial Reporting Standards (PFRS).	Cash and Receivables	Factoring and Assignment of Receivables	Cash and Receivables	ACCOUNTANCY	Accountancy	Reuse
1	💰 Financial Accounting and Reporting	The recognition, measurement, and reporting of business transactions and financial statement elements under Philippine Financial Reporting Standards (PFRS).	Cash and Receivables	Impairment of Receivables in Accountancy	Cash and Receivables	ACCOUNTANCY	Accountancy	Reuse
1	💰 Financial Accounting and Reporting	The recognition, measurement, and reporting of business transactions and financial statement elements under Philippine Financial Reporting Standards (PFRS).	Cash and Receivables	Notes Receivable and Interest Computation	Cash and Receivables	ACCOUNTANCY	Accountancy	Reuse
1	💰 Financial Accounting and Reporting	The recognition, measurement, and reporting of business transactions and financial statement elements under Philippine Financial Reporting Standards (PFRS).	Cash and Receivables	Petty Cash and Cash Short or Over	Financial Accounting and Reporting	ACCOUNTANCY	Accountancy	New
1	💰 Financial Accounting and Reporting	The recognition, measurement, and reporting of business transactions and financial statement elements under Philippine Financial Reporting Standards (PFRS).	Cash and Receivables	Receivable Classification, Recognition, and Measurement	Financial Accounting and Reporting	ACCOUNTANCY	Accountancy	New
1	💰 Financial Accounting and Reporting	The recognition, measurement, and reporting of business transactions and financial statement elements under Philippine Financial Reporting Standards (PFRS).	Inventories	Inventory Valuation: FIFO, Weighted Average, and Lower of Cost or NRV	Financial Accounting	ACCOUNTANCY	Accountancy	Existing
1	💰 Financial Accounting and Reporting	The recognition, measurement, and reporting of business transactions and financial statement elements under Philippine Financial Reporting Standards (PFRS).	Inventories	Consignment Accounting in Inventory Management	Inventory	ACCOUNTANCY	Accountancy	Reuse
1	💰 Financial Accounting and Reporting	The recognition, measurement, and reporting of business transactions and financial statement elements under Philippine Financial Reporting Standards (PFRS).	Inventories	Lower of Cost and Net Realizable Value in Inventory Valuation	Inventory	ACCOUNTANCY	Accountancy	Reuse
1	💰 Financial Accounting and Reporting	The recognition, measurement, and reporting of business transactions and financial statement elements under Philippine Financial Reporting Standards (PFRS).	Inventories	Special Inventory Valuation Methods in Accountancy	Inventory	ACCOUNTANCY	Accountancy	Reuse
1	💰 Financial Accounting and Reporting	The recognition, measurement, and reporting of business transactions and financial statement elements under Philippine Financial Reporting Standards (PFRS).	Inventories	Inventory Cost Formulas and Periodic vs Perpetual Systems	Financial Accounting and Reporting	ACCOUNTANCY	Accountancy	New
1	💰 Financial Accounting and Reporting	The recognition, measurement, and reporting of business transactions and financial statement elements under Philippine Financial Reporting Standards (PFRS).	Property, Plant and Equipment	Depreciation and Accounting for Property, Plant, and Equipment	Financial Reporting	ACCOUNTANCY	Accountancy	Existing
1	💰 Financial Accounting and Reporting	The recognition, measurement, and reporting of business transactions and financial statement elements under Philippine Financial Reporting Standards (PFRS).	Property, Plant and Equipment	Asset Acquisition Costs in Property, Plant, and Equipment (PPE) Accounting	PPE	ACCOUNTANCY	Accountancy	Reuse
1	💰 Financial Accounting and Reporting	The recognition, measurement, and reporting of business transactions and financial statement elements under Philippine Financial Reporting Standards (PFRS).	Property, Plant and Equipment	Asset Impairment in Property, Plant, and Equipment (PPE) Accounting	PPE	ACCOUNTANCY	Accountancy	Reuse
1	💰 Financial Accounting and Reporting	The recognition, measurement, and reporting of business transactions and financial statement elements under Philippine Financial Reporting Standards (PFRS).	Property, Plant and Equipment	Depletion Accounting in PPE Management	PPE	ACCOUNTANCY	Accountancy	Reuse
1	💰 Financial Accounting and Reporting	The recognition, measurement, and reporting of business transactions and financial statement elements under Philippine Financial Reporting Standards (PFRS).	Property, Plant and Equipment	Depreciation Methods and Asset Impairment	Accountancy	ACCOUNTANCY	Accountancy	Reuse
1	💰 Financial Accounting and Reporting	The recognition, measurement, and reporting of business transactions and financial statement elements under Philippine Financial Reporting Standards (PFRS).	Property, Plant and Equipment	Subsequent Expenditures on Property, Plant, and Equipment (PPE)	PPE	ACCOUNTANCY	Accountancy	Reuse
1	💰 Financial Accounting and Reporting	The recognition, measurement, and reporting of business transactions and financial statement elements under Philippine Financial Reporting Standards (PFRS).	Property, Plant and Equipment	Initial Recognition and Measurement of Property, Plant and Equipment	Financial Accounting and Reporting	ACCOUNTANCY	Accountancy	New
1	💰 Financial Accounting and Reporting	The recognition, measurement, and reporting of business transactions and financial statement elements under Philippine Financial Reporting Standards (PFRS).	Property, Plant and Equipment	Revaluation Model for Property, Plant and Equipment	Financial Accounting and Reporting	ACCOUNTANCY	Accountancy	New
1	💰 Financial Accounting and Reporting	The recognition, measurement, and reporting of business transactions and financial statement elements under Philippine Financial Reporting Standards (PFRS).	Investment Property and Intangible Assets	Intangible Assets in Financial Accounting	Financial Accounting	ACCOUNTANCY	Accountancy	Existing
1	💰 Financial Accounting and Reporting	The recognition, measurement, and reporting of business transactions and financial statement elements under Philippine Financial Reporting Standards (PFRS).	Investment Property and Intangible Assets	Investment Property in Financial Accounting	Financial Accounting	ACCOUNTANCY	Accountancy	Existing
1	💰 Financial Accounting and Reporting	The recognition, measurement, and reporting of business transactions and financial statement elements under Philippine Financial Reporting Standards (PFRS).	Investment Property and Intangible Assets	Amortization and Impairment of Intangible Assets	Financial Accounting and Reporting	ACCOUNTANCY	Accountancy	New
1	💰 Financial Accounting and Reporting	The recognition, measurement, and reporting of business transactions and financial statement elements under Philippine Financial Reporting Standards (PFRS).	Investment Property and Intangible Assets	Research and Development Costs	Financial Accounting and Reporting	ACCOUNTANCY	Accountancy	New
1	💰 Financial Accounting and Reporting	The recognition, measurement, and reporting of business transactions and financial statement elements under Philippine Financial Reporting Standards (PFRS).	Financial Instruments and Investments	Financial Instruments in Financial Accounting	Financial Accounting	ACCOUNTANCY	Accountancy	Existing
1	💰 Financial Accounting and Reporting	The recognition, measurement, and reporting of business transactions and financial statement elements under Philippine Financial Reporting Standards (PFRS).	Financial Instruments and Investments	Fair Value Through Other Comprehensive Income (FVOCI) Investments in Accounting	Investments	ACCOUNTANCY	Accountancy	Reuse
1	💰 Financial Accounting and Reporting	The recognition, measurement, and reporting of business transactions and financial statement elements under Philippine Financial Reporting Standards (PFRS).	Financial Instruments and Investments	Fair Value Through Profit or Loss (FVTPL) Investments	Investments	ACCOUNTANCY	Accountancy	Reuse
1	💰 Financial Accounting and Reporting	The recognition, measurement, and reporting of business transactions and financial statement elements under Philippine Financial Reporting Standards (PFRS).	Financial Instruments and Investments	Financial Assets Measured at Amortized Cost under IFRS	Investments	ACCOUNTANCY	Accountancy	Reuse
1	💰 Financial Accounting and Reporting	The recognition, measurement, and reporting of business transactions and financial statement elements under Philippine Financial Reporting Standards (PFRS).	Financial Instruments and Investments	Classification and Measurement of Financial Assets	Financial Accounting and Reporting	ACCOUNTANCY	Accountancy	New
1	💰 Financial Accounting and Reporting	The recognition, measurement, and reporting of business transactions and financial statement elements under Philippine Financial Reporting Standards (PFRS).	Financial Instruments and Investments	Expected Credit Loss Model for Financial Assets	Financial Accounting and Reporting	ACCOUNTANCY	Accountancy	New
1	💰 Financial Accounting and Reporting	The recognition, measurement, and reporting of business transactions and financial statement elements under Philippine Financial Reporting Standards (PFRS).	Financial Instruments and Investments	Financial Liabilities and Effective Interest Method	Financial Accounting and Reporting	ACCOUNTANCY	Accountancy	New
1	💰 Financial Accounting and Reporting	The recognition, measurement, and reporting of business transactions and financial statement elements under Philippine Financial Reporting Standards (PFRS).	Liabilities, Provisions and Contingencies	Liabilities and Provisions in Financial Reporting	Financial Reporting	ACCOUNTANCY	Accountancy	Existing
1	💰 Financial Accounting and Reporting	The recognition, measurement, and reporting of business transactions and financial statement elements under Philippine Financial Reporting Standards (PFRS).	Liabilities, Provisions and Contingencies	Compound Interest, Liabilities, and Consumer Debt Analysis	Accountancy	ACCOUNTANCY	Accountancy	Reuse
1	💰 Financial Accounting and Reporting	The recognition, measurement, and reporting of business transactions and financial statement elements under Philippine Financial Reporting Standards (PFRS).	Liabilities, Provisions and Contingencies	Bonds Payable and Effective Interest Method	Financial Accounting and Reporting	ACCOUNTANCY	Accountancy	New
1	💰 Financial Accounting and Reporting	The recognition, measurement, and reporting of business transactions and financial statement elements under Philippine Financial Reporting Standards (PFRS).	Liabilities, Provisions and Contingencies	Current and Noncurrent Liability Classification	Financial Accounting and Reporting	ACCOUNTANCY	Accountancy	New
1	💰 Financial Accounting and Reporting	The recognition, measurement, and reporting of business transactions and financial statement elements under Philippine Financial Reporting Standards (PFRS).	Liabilities, Provisions and Contingencies	Provisions, Contingent Liabilities, and Contingent Assets	Financial Accounting and Reporting	ACCOUNTANCY	Accountancy	New
1	💰 Financial Accounting and Reporting	The recognition, measurement, and reporting of business transactions and financial statement elements under Philippine Financial Reporting Standards (PFRS).	Equity and Earnings per Share	Earnings Per Share (EPS) in Financial Accounting	Equity	ACCOUNTANCY	Accountancy	Reuse
1	💰 Financial Accounting and Reporting	The recognition, measurement, and reporting of business transactions and financial statement elements under Philippine Financial Reporting Standards (PFRS).	Equity and Earnings per Share	Retained Earnings Accounting in Corporate Financial Reporting	Equity	ACCOUNTANCY	Accountancy	Reuse
1	💰 Financial Accounting and Reporting	The recognition, measurement, and reporting of business transactions and financial statement elements under Philippine Financial Reporting Standards (PFRS).	Equity and Earnings per Share	Share Capital Transactions in Equity Accounting	Equity	ACCOUNTANCY	Accountancy	Reuse
1	💰 Financial Accounting and Reporting	The recognition, measurement, and reporting of business transactions and financial statement elements under Philippine Financial Reporting Standards (PFRS).	Equity and Earnings per Share	Treasury Shares in Corporate Equity Accounting	Equity	ACCOUNTANCY	Accountancy	Reuse
1	💰 Financial Accounting and Reporting	The recognition, measurement, and reporting of business transactions and financial statement elements under Philippine Financial Reporting Standards (PFRS).	Equity and Earnings per Share	Basic and Diluted Earnings per Share	Financial Accounting and Reporting	ACCOUNTANCY	Accountancy	New
1	💰 Financial Accounting and Reporting	The recognition, measurement, and reporting of business transactions and financial statement elements under Philippine Financial Reporting Standards (PFRS).	Revenue Recognition	Revenue Recognition Principles in Financial Reporting	Financial Reporting	ACCOUNTANCY	Accountancy	Existing
1	💰 Financial Accounting and Reporting	The recognition, measurement, and reporting of business transactions and financial statement elements under Philippine Financial Reporting Standards (PFRS).	Revenue Recognition	Contract Assets, Contract Liabilities, and Variable Consideration	Financial Accounting and Reporting	ACCOUNTANCY	Accountancy	New
1	💰 Financial Accounting and Reporting	The recognition, measurement, and reporting of business transactions and financial statement elements under Philippine Financial Reporting Standards (PFRS).	Revenue Recognition	PFRS 15 Five-Step Revenue Recognition Model	Financial Accounting and Reporting	ACCOUNTANCY	Accountancy	New
1	💰 Financial Accounting and Reporting	The recognition, measurement, and reporting of business transactions and financial statement elements under Philippine Financial Reporting Standards (PFRS).	Leases	Fundamentals and Accounting Treatment of Leases in Financial Accounting	Financial Accounting	ACCOUNTANCY	Accountancy	Existing
1	💰 Financial Accounting and Reporting	The recognition, measurement, and reporting of business transactions and financial statement elements under Philippine Financial Reporting Standards (PFRS).	Leases	Lessee Accounting under PFRS 16	Financial Accounting and Reporting	ACCOUNTANCY	Accountancy	New
1	💰 Financial Accounting and Reporting	The recognition, measurement, and reporting of business transactions and financial statement elements under Philippine Financial Reporting Standards (PFRS).	Leases	Lessor Accounting and Lease Classification	Financial Accounting and Reporting	ACCOUNTANCY	Accountancy	New
1	💰 Financial Accounting and Reporting	The recognition, measurement, and reporting of business transactions and financial statement elements under Philippine Financial Reporting Standards (PFRS).	Income Taxes and Employee Benefits	Current and Deferred Income Tax Accounting	Financial Accounting and Reporting	ACCOUNTANCY	Accountancy	New
1	💰 Financial Accounting and Reporting	The recognition, measurement, and reporting of business transactions and financial statement elements under Philippine Financial Reporting Standards (PFRS).	Income Taxes and Employee Benefits	Defined Contribution and Defined Benefit Plans	Financial Accounting and Reporting	ACCOUNTANCY	Accountancy	New
1	💰 Financial Accounting and Reporting	The recognition, measurement, and reporting of business transactions and financial statement elements under Philippine Financial Reporting Standards (PFRS).	Other Financial Reporting Topics	Related Party Transactions in Accountancy	Special Areas	ACCOUNTANCY	Accountancy	Reuse
1	💰 Financial Accounting and Reporting	The recognition, measurement, and reporting of business transactions and financial statement elements under Philippine Financial Reporting Standards (PFRS).	Other Financial Reporting Topics	Accounting Policies, Changes in Estimates, and Errors	Financial Accounting and Reporting	ACCOUNTANCY	Accountancy	New
1	💰 Financial Accounting and Reporting	The recognition, measurement, and reporting of business transactions and financial statement elements under Philippine Financial Reporting Standards (PFRS).	Other Financial Reporting Topics	Events after the Reporting Period	Financial Accounting and Reporting	ACCOUNTANCY	Accountancy	New
1	💰 Financial Accounting and Reporting	The recognition, measurement, and reporting of business transactions and financial statement elements under Philippine Financial Reporting Standards (PFRS).	Other Financial Reporting Topics	Fair Value Measurement	Financial Accounting and Reporting	ACCOUNTANCY	Accountancy	New
1	💰 Financial Accounting and Reporting	The recognition, measurement, and reporting of business transactions and financial statement elements under Philippine Financial Reporting Standards (PFRS).	Other Financial Reporting Topics	Interim Financial Reporting	Financial Accounting and Reporting	ACCOUNTANCY	Accountancy	New
1	💰 Financial Accounting and Reporting	The recognition, measurement, and reporting of business transactions and financial statement elements under Philippine Financial Reporting Standards (PFRS).	Other Financial Reporting Topics	Segment Reporting	Financial Accounting and Reporting	ACCOUNTANCY	Accountancy	New
2	🏦 Advanced Financial Accounting and Reporting	Complex financial reporting: partnership formation, operation, and liquidation; corporate liquidation; business combinations and consolidated financial statements; and specialized industries.	Partnership Accounting	Admission, Retirement, and Withdrawal of Partners	Advanced Financial Accounting and Reporting	ACCOUNTANCY	Accountancy	New
2	🏦 Advanced Financial Accounting and Reporting	Complex financial reporting: partnership formation, operation, and liquidation; corporate liquidation; business combinations and consolidated financial statements; and specialized industries.	Partnership Accounting	Partnership Dissolution and Liquidation	Advanced Financial Accounting and Reporting	ACCOUNTANCY	Accountancy	New
2	🏦 Advanced Financial Accounting and Reporting	Complex financial reporting: partnership formation, operation, and liquidation; corporate liquidation; business combinations and consolidated financial statements; and specialized industries.	Partnership Accounting	Partnership Formation and Initial Capital Accounts	Advanced Financial Accounting and Reporting	ACCOUNTANCY	Accountancy	New
2	🏦 Advanced Financial Accounting and Reporting	Complex financial reporting: partnership formation, operation, and liquidation; corporate liquidation; business combinations and consolidated financial statements; and specialized industries.	Partnership Accounting	Partnership Operations and Profit or Loss Sharing	Advanced Financial Accounting and Reporting	ACCOUNTANCY	Accountancy	New
2	🏦 Advanced Financial Accounting and Reporting	Complex financial reporting: partnership formation, operation, and liquidation; corporate liquidation; business combinations and consolidated financial statements; and specialized industries.	Corporate Liquidation and Reorganization	Corporate Liquidation and Statement of Affairs	Advanced Financial Accounting and Reporting	ACCOUNTANCY	Accountancy	New
2	🏦 Advanced Financial Accounting and Reporting	Complex financial reporting: partnership formation, operation, and liquidation; corporate liquidation; business combinations and consolidated financial statements; and specialized industries.	Joint Arrangements and Special Transactions	Joint Arrangements: Joint Operations and Joint Ventures	Advanced Financial Accounting and Reporting	ACCOUNTANCY	Accountancy	New
2	🏦 Advanced Financial Accounting and Reporting	Complex financial reporting: partnership formation, operation, and liquidation; corporate liquidation; business combinations and consolidated financial statements; and specialized industries.	Revenue from Contracts and Special Revenue Arrangements	Franchise Accounting	Advanced Financial Accounting and Reporting	ACCOUNTANCY	Accountancy	New
2	🏦 Advanced Financial Accounting and Reporting	Complex financial reporting: partnership formation, operation, and liquidation; corporate liquidation; business combinations and consolidated financial statements; and specialized industries.	Revenue from Contracts and Special Revenue Arrangements	Installment and Consignment Sales	Advanced Financial Accounting and Reporting	ACCOUNTANCY	Accountancy	New
2	🏦 Advanced Financial Accounting and Reporting	Complex financial reporting: partnership formation, operation, and liquidation; corporate liquidation; business combinations and consolidated financial statements; and specialized industries.	Revenue from Contracts and Special Revenue Arrangements	Long-Term Construction Contracts and Revenue Recognition	Advanced Financial Accounting and Reporting	ACCOUNTANCY	Accountancy	New
2	🏦 Advanced Financial Accounting and Reporting	Complex financial reporting: partnership formation, operation, and liquidation; corporate liquidation; business combinations and consolidated financial statements; and specialized industries.	Home Office, Branch and Agency Accounting	Branch Accounting and Combined Financial Statements	Advanced Financial Accounting and Reporting	ACCOUNTANCY	Accountancy	New
2	🏦 Advanced Financial Accounting and Reporting	Complex financial reporting: partnership formation, operation, and liquidation; corporate liquidation; business combinations and consolidated financial statements; and specialized industries.	Home Office, Branch and Agency Accounting	Home Office and Branch Reciprocal Accounts	Advanced Financial Accounting and Reporting	ACCOUNTANCY	Accountancy	New
2	🏦 Advanced Financial Accounting and Reporting	Complex financial reporting: partnership formation, operation, and liquidation; corporate liquidation; business combinations and consolidated financial statements; and specialized industries.	Business Combinations	Acquisition Method for Business Combinations	Advanced Financial Accounting and Reporting	ACCOUNTANCY	Accountancy	New
2	🏦 Advanced Financial Accounting and Reporting	Complex financial reporting: partnership formation, operation, and liquidation; corporate liquidation; business combinations and consolidated financial statements; and specialized industries.	Business Combinations	Business Combination Consideration and Acquisition-Date Adjustments	Advanced Financial Accounting and Reporting	ACCOUNTANCY	Accountancy	New
2	🏦 Advanced Financial Accounting and Reporting	Complex financial reporting: partnership formation, operation, and liquidation; corporate liquidation; business combinations and consolidated financial statements; and specialized industries.	Business Combinations	Goodwill and Gain from Bargain Purchase	Advanced Financial Accounting and Reporting	ACCOUNTANCY	Accountancy	New
2	🏦 Advanced Financial Accounting and Reporting	Complex financial reporting: partnership formation, operation, and liquidation; corporate liquidation; business combinations and consolidated financial statements; and specialized industries.	Separate and Consolidated Financial Statements	Equity Method Accounting for Investments	Investments	ACCOUNTANCY	Accountancy	Reuse
2	🏦 Advanced Financial Accounting and Reporting	Complex financial reporting: partnership formation, operation, and liquidation; corporate liquidation; business combinations and consolidated financial statements; and specialized industries.	Separate and Consolidated Financial Statements	Fundamentals of Consolidated Financial Statements in Investments	Investments	ACCOUNTANCY	Accountancy	Reuse
2	🏦 Advanced Financial Accounting and Reporting	Complex financial reporting: partnership formation, operation, and liquidation; corporate liquidation; business combinations and consolidated financial statements; and specialized industries.	Separate and Consolidated Financial Statements	Changes in Ownership Interests in Subsidiaries	Advanced Financial Accounting and Reporting	ACCOUNTANCY	Accountancy	New
2	🏦 Advanced Financial Accounting and Reporting	Complex financial reporting: partnership formation, operation, and liquidation; corporate liquidation; business combinations and consolidated financial statements; and specialized industries.	Separate and Consolidated Financial Statements	Consolidation Procedures and Elimination Entries	Advanced Financial Accounting and Reporting	ACCOUNTANCY	Accountancy	New
2	🏦 Advanced Financial Accounting and Reporting	Complex financial reporting: partnership formation, operation, and liquidation; corporate liquidation; business combinations and consolidated financial statements; and specialized industries.	Separate and Consolidated Financial Statements	Intercompany Inventory and PPE Transactions	Advanced Financial Accounting and Reporting	ACCOUNTANCY	Accountancy	New
2	🏦 Advanced Financial Accounting and Reporting	Complex financial reporting: partnership formation, operation, and liquidation; corporate liquidation; business combinations and consolidated financial statements; and specialized industries.	Separate and Consolidated Financial Statements	Noncontrolling Interests in Consolidated Financial Statements	Advanced Financial Accounting and Reporting	ACCOUNTANCY	Accountancy	New
2	🏦 Advanced Financial Accounting and Reporting	Complex financial reporting: partnership formation, operation, and liquidation; corporate liquidation; business combinations and consolidated financial statements; and specialized industries.	Foreign Currency Transactions and Operations	Foreign Currency Transactions and Exchange Differences	Advanced Financial Accounting and Reporting	ACCOUNTANCY	Accountancy	New
2	🏦 Advanced Financial Accounting and Reporting	Complex financial reporting: partnership formation, operation, and liquidation; corporate liquidation; business combinations and consolidated financial statements; and specialized industries.	Foreign Currency Transactions and Operations	Translation of Foreign Operations	Advanced Financial Accounting and Reporting	ACCOUNTANCY	Accountancy	New
2	🏦 Advanced Financial Accounting and Reporting	Complex financial reporting: partnership formation, operation, and liquidation; corporate liquidation; business combinations and consolidated financial statements; and specialized industries.	Derivatives and Hedge Accounting	Derivative Instruments: Forwards, Futures, Options, and Swaps	Advanced Financial Accounting and Reporting	ACCOUNTANCY	Accountancy	New
2	🏦 Advanced Financial Accounting and Reporting	Complex financial reporting: partnership formation, operation, and liquidation; corporate liquidation; business combinations and consolidated financial statements; and specialized industries.	Derivatives and Hedge Accounting	Hedge Accounting: Fair Value, Cash Flow, and Net Investment Hedges	Advanced Financial Accounting and Reporting	ACCOUNTANCY	Accountancy	New
2	🏦 Advanced Financial Accounting and Reporting	Complex financial reporting: partnership formation, operation, and liquidation; corporate liquidation; business combinations and consolidated financial statements; and specialized industries.	Nonprofit Organization Accounting	Accounting for Nonprofit Organizations	Advanced Financial Accounting and Reporting	ACCOUNTANCY	Accountancy	New
2	🏦 Advanced Financial Accounting and Reporting	Complex financial reporting: partnership formation, operation, and liquidation; corporate liquidation; business combinations and consolidated financial statements; and specialized industries.	Government Accounting	Government Budgeting, Appropriations, and Disbursements	Advanced Financial Accounting and Reporting	ACCOUNTANCY	Accountancy	New
2	🏦 Advanced Financial Accounting and Reporting	Complex financial reporting: partnership formation, operation, and liquidation; corporate liquidation; business combinations and consolidated financial statements; and specialized industries.	Government Accounting	Philippine Government Accounting Fundamentals	Advanced Financial Accounting and Reporting	ACCOUNTANCY	Accountancy	New
2	🏦 Advanced Financial Accounting and Reporting	Complex financial reporting: partnership formation, operation, and liquidation; corporate liquidation; business combinations and consolidated financial statements; and specialized industries.	Cost Accounting Systems	Activity-Based Costing in Cost Accounting	Cost Accounting	ACCOUNTANCY	Accountancy	Reuse
2	🏦 Advanced Financial Accounting and Reporting	Complex financial reporting: partnership formation, operation, and liquidation; corporate liquidation; business combinations and consolidated financial statements; and specialized industries.	Cost Accounting Systems	Job Order Costing in Cost Accounting	Cost Accounting	ACCOUNTANCY	Accountancy	Reuse
2	🏦 Advanced Financial Accounting and Reporting	Complex financial reporting: partnership formation, operation, and liquidation; corporate liquidation; business combinations and consolidated financial statements; and specialized industries.	Cost Accounting Systems	Process Costing in Cost Accounting	Cost Accounting	ACCOUNTANCY	Accountancy	Reuse
2	🏦 Advanced Financial Accounting and Reporting	Complex financial reporting: partnership formation, operation, and liquidation; corporate liquidation; business combinations and consolidated financial statements; and specialized industries.	Cost Accounting Systems	Cost Accumulation and Manufacturing Cost Flows	Advanced Financial Accounting and Reporting	ACCOUNTANCY	Accountancy	New
2	🏦 Advanced Financial Accounting and Reporting	Complex financial reporting: partnership formation, operation, and liquidation; corporate liquidation; business combinations and consolidated financial statements; and specialized industries.	Cost Accounting Systems	Overhead Allocation and Predetermined Overhead Rates	Advanced Financial Accounting and Reporting	ACCOUNTANCY	Accountancy	New
2	🏦 Advanced Financial Accounting and Reporting	Complex financial reporting: partnership formation, operation, and liquidation; corporate liquidation; business combinations and consolidated financial statements; and specialized industries.	Joint and By-Product Costing	Joint Product Costing in Cost Accounting	Cost Accounting	ACCOUNTANCY	Accountancy	Reuse
2	🏦 Advanced Financial Accounting and Reporting	Complex financial reporting: partnership formation, operation, and liquidation; corporate liquidation; business combinations and consolidated financial statements; and specialized industries.	Joint and By-Product Costing	By-Product Accounting and Joint Cost Allocation	Advanced Financial Accounting and Reporting	ACCOUNTANCY	Accountancy	New
3	📈 Management Services	Cost accounting, managerial decision-making, budgeting, capital budgeting, and quantitative techniques used for internal management planning and control.	Management Accounting Foundations	Relevant Financial and Nonfinancial Information for Management Decisions	Management Services	ACCOUNTANCY	Accountancy	New
3	📈 Management Services	Cost accounting, managerial decision-making, budgeting, capital budgeting, and quantitative techniques used for internal management planning and control.	Management Accounting Foundations	Role, Scope, and Ethical Responsibilities of Management Accounting	Management Services	ACCOUNTANCY	Accountancy	New
3	📈 Management Services	Cost accounting, managerial decision-making, budgeting, capital budgeting, and quantitative techniques used for internal management planning and control.	Cost Behavior and Cost Estimation	Cost Behavior in Management Advisory Services	Management Advisory Services	(unset)	Accountancy	Existing
3	📈 Management Services	Cost accounting, managerial decision-making, budgeting, capital budgeting, and quantitative techniques used for internal management planning and control.	Cost Behavior and Cost Estimation	High-Low Method and Cost Estimation	Management Services	ACCOUNTANCY	Accountancy	New
3	📈 Management Services	Cost accounting, managerial decision-making, budgeting, capital budgeting, and quantitative techniques used for internal management planning and control.	Cost Behavior and Cost Estimation	Learning Curve and Cost Estimation Concepts	Management Services	ACCOUNTANCY	Accountancy	New
3	📈 Management Services	Cost accounting, managerial decision-making, budgeting, capital budgeting, and quantitative techniques used for internal management planning and control.	Cost-Volume-Profit Analysis	Cost-Volume-Profit Analysis in Management Advisory Services	Management Advisory Services	(unset)	Accountancy	Existing
3	📈 Management Services	Cost accounting, managerial decision-making, budgeting, capital budgeting, and quantitative techniques used for internal management planning and control.	Cost-Volume-Profit Analysis	Multi-Product Cost-Volume-Profit Analysis	Management Services	(unset)	Accountancy	New
3	📈 Management Services	Cost accounting, managerial decision-making, budgeting, capital budgeting, and quantitative techniques used for internal management planning and control.	Cost-Volume-Profit Analysis	Operating Leverage and Margin of Safety	Management Services	(unset)	Accountancy	New
3	📈 Management Services	Cost accounting, managerial decision-making, budgeting, capital budgeting, and quantitative techniques used for internal management planning and control.	Standard Costing and Variance Analysis	Standard Costing in Management Advisory Services	Management Advisory Services	ACCOUNTANCY	Accountancy	Existing
3	📈 Management Services	Cost accounting, managerial decision-making, budgeting, capital budgeting, and quantitative techniques used for internal management planning and control.	Standard Costing and Variance Analysis	Variance Analysis in Management Advisory Services	Management Advisory Services	ACCOUNTANCY	Accountancy	Existing
3	📈 Management Services	Cost accounting, managerial decision-making, budgeting, capital budgeting, and quantitative techniques used for internal management planning and control.	Standard Costing and Variance Analysis	Materials and Labor Variances	Management Services	ACCOUNTANCY	Accountancy	New
3	📈 Management Services	Cost accounting, managerial decision-making, budgeting, capital budgeting, and quantitative techniques used for internal management planning and control.	Standard Costing and Variance Analysis	Sales Variances and Mix-Yield Analysis	Management Services	ACCOUNTANCY	Accountancy	New
3	📈 Management Services	Cost accounting, managerial decision-making, budgeting, capital budgeting, and quantitative techniques used for internal management planning and control.	Standard Costing and Variance Analysis	Variable and Fixed Overhead Variances	Management Services	ACCOUNTANCY	Accountancy	New
3	📈 Management Services	Cost accounting, managerial decision-making, budgeting, capital budgeting, and quantitative techniques used for internal management planning and control.	Budgeting and Forecasting	Budgeting in Management Advisory Services	Management Advisory Services	ACCOUNTANCY	Accountancy	Existing
3	📈 Management Services	Cost accounting, managerial decision-making, budgeting, capital budgeting, and quantitative techniques used for internal management planning and control.	Budgeting and Forecasting	Capital Budgeting Techniques in Managerial Decision Making	Managerial Decision Making	(unset)	Accountancy	Existing
3	📈 Management Services	Cost accounting, managerial decision-making, budgeting, capital budgeting, and quantitative techniques used for internal management planning and control.	Budgeting and Forecasting	Capital Budgeting in Management Advisory Services	Management Advisory Services	(unset)	Accountancy	Existing
3	📈 Management Services	Cost accounting, managerial decision-making, budgeting, capital budgeting, and quantitative techniques used for internal management planning and control.	Budgeting and Forecasting	Budget Preparation and Financial Planning	Managerial Decision Making	ACCOUNTANCY	Accountancy	Reuse
3	📈 Management Services	Cost accounting, managerial decision-making, budgeting, capital budgeting, and quantitative techniques used for internal management planning and control.	Budgeting and Forecasting	Cash Budget: Concept, Components, and Importance	Budgeting	ACCOUNTANCY	Accountancy	Reuse
3	📈 Management Services	Cost accounting, managerial decision-making, budgeting, capital budgeting, and quantitative techniques used for internal management planning and control.	Budgeting and Forecasting	Flexible Budgets in Managerial Accounting	Budgeting	ACCOUNTANCY	Accountancy	Reuse
3	📈 Management Services	Cost accounting, managerial decision-making, budgeting, capital budgeting, and quantitative techniques used for internal management planning and control.	Budgeting and Forecasting	Master Budget in Accounting	Budgeting	ACCOUNTANCY	Accountancy	Reuse
3	📈 Management Services	Cost accounting, managerial decision-making, budgeting, capital budgeting, and quantitative techniques used for internal management planning and control.	Budgeting and Forecasting	Sales Budget in Managerial Accounting	Budgeting	ACCOUNTANCY	Accountancy	Reuse
3	📈 Management Services	Cost accounting, managerial decision-making, budgeting, capital budgeting, and quantitative techniques used for internal management planning and control.	Budgeting and Forecasting	Budgeted Financial Statements	Management Services	ACCOUNTANCY	Accountancy	New
3	📈 Management Services	Cost accounting, managerial decision-making, budgeting, capital budgeting, and quantitative techniques used for internal management planning and control.	Budgeting and Forecasting	Production and Operating Budgets	Management Services	ACCOUNTANCY	Accountancy	New
3	📈 Management Services	Cost accounting, managerial decision-making, budgeting, capital budgeting, and quantitative techniques used for internal management planning and control.	Responsibility Accounting and Performance Measurement	Responsibility Accounting in Management Advisory Services	Management Advisory Services	ACCOUNTANCY	Accountancy	Existing
3	📈 Management Services	Cost accounting, managerial decision-making, budgeting, capital budgeting, and quantitative techniques used for internal management planning and control.	Responsibility Accounting and Performance Measurement	Responsibility Accounting in Managerial Decision Making	Managerial Decision Making	ACCOUNTANCY	Accountancy	Existing
3	📈 Management Services	Cost accounting, managerial decision-making, budgeting, capital budgeting, and quantitative techniques used for internal management planning and control.	Responsibility Accounting and Performance Measurement	Balanced Scorecard in Performance Measurement	Performance	(unset)	Accountancy	Reuse
3	📈 Management Services	Cost accounting, managerial decision-making, budgeting, capital budgeting, and quantitative techniques used for internal management planning and control.	Responsibility Accounting and Performance Measurement	Performance Measurement Systems in Managerial Decision Making	Managerial Decision Making	ACCOUNTANCY	Accountancy	Reuse
3	📈 Management Services	Cost accounting, managerial decision-making, budgeting, capital budgeting, and quantitative techniques used for internal management planning and control.	Responsibility Accounting and Performance Measurement	Residual Income in Performance Measurement	Performance	(unset)	Accountancy	Reuse
3	📈 Management Services	Cost accounting, managerial decision-making, budgeting, capital budgeting, and quantitative techniques used for internal management planning and control.	Responsibility Accounting and Performance Measurement	Return on Investment (ROI) in Accountancy	Performance	(unset)	Accountancy	Reuse
3	📈 Management Services	Cost accounting, managerial decision-making, budgeting, capital budgeting, and quantitative techniques used for internal management planning and control.	Responsibility Accounting and Performance Measurement	Economic Value Added and Performance Evaluation	Management Services	ACCOUNTANCY	Accountancy	New
3	📈 Management Services	Cost accounting, managerial decision-making, budgeting, capital budgeting, and quantitative techniques used for internal management planning and control.	Responsibility Accounting and Performance Measurement	Transfer Pricing	Management Services	ACCOUNTANCY	Accountancy	New
3	📈 Management Services	Cost accounting, managerial decision-making, budgeting, capital budgeting, and quantitative techniques used for internal management planning and control.	Relevant Costing and Short-Term Decisions	Relevant Costing in Management Advisory Services	Management Advisory Services	(unset)	Accountancy	Existing
3	📈 Management Services	Cost accounting, managerial decision-making, budgeting, capital budgeting, and quantitative techniques used for internal management planning and control.	Relevant Costing and Short-Term Decisions	Relevant Costing in Managerial Decision Making	Managerial Decision Making	(unset)	Accountancy	Existing
3	📈 Management Services	Cost accounting, managerial decision-making, budgeting, capital budgeting, and quantitative techniques used for internal management planning and control.	Relevant Costing and Short-Term Decisions	Limiting Factor Analysis in Managerial Decision Making	Decision Making	(unset)	Accountancy	Reuse
3	📈 Management Services	Cost accounting, managerial decision-making, budgeting, capital budgeting, and quantitative techniques used for internal management planning and control.	Relevant Costing and Short-Term Decisions	Make or Buy Decisions in Managerial Accounting	Decision Making	(unset)	Accountancy	Reuse
3	📈 Management Services	Cost accounting, managerial decision-making, budgeting, capital budgeting, and quantitative techniques used for internal management planning and control.	Relevant Costing and Short-Term Decisions	Product Mix Decisions in Managerial Accounting	Decision Making	(unset)	Accountancy	Reuse
3	📈 Management Services	Cost accounting, managerial decision-making, budgeting, capital budgeting, and quantitative techniques used for internal management planning and control.	Relevant Costing and Short-Term Decisions	Special Order Decisions in Managerial Accounting	Decision Making	(unset)	Accountancy	Reuse
3	📈 Management Services	Cost accounting, managerial decision-making, budgeting, capital budgeting, and quantitative techniques used for internal management planning and control.	Relevant Costing and Short-Term Decisions	Pricing Decisions and Target Costing	Management Services	ACCOUNTANCY	Accountancy	New
3	📈 Management Services	Cost accounting, managerial decision-making, budgeting, capital budgeting, and quantitative techniques used for internal management planning and control.	Relevant Costing and Short-Term Decisions	Sell or Process Further Decisions	Management Services	ACCOUNTANCY	Accountancy	New
3	📈 Management Services	Cost accounting, managerial decision-making, budgeting, capital budgeting, and quantitative techniques used for internal management planning and control.	Relevant Costing and Short-Term Decisions	Shutdown and Continue Operations Decisions	Management Services	ACCOUNTANCY	Accountancy	New
3	📈 Management Services	Cost accounting, managerial decision-making, budgeting, capital budgeting, and quantitative techniques used for internal management planning and control.	Quantitative Methods for Decision Making	Application of Linear Programming in Management Advisory Services	Management Advisory Services	(unset)	Accountancy	Existing
3	📈 Management Services	Cost accounting, managerial decision-making, budgeting, capital budgeting, and quantitative techniques used for internal management planning and control.	Quantitative Methods for Decision Making	Decision Trees in Management Advisory Services	Management Advisory Services	(unset)	Accountancy	Reuse
3	📈 Management Services	Cost accounting, managerial decision-making, budgeting, capital budgeting, and quantitative techniques used for internal management planning and control.	Quantitative Methods for Decision Making	Inventory Models in Management Advisory Services	Management Advisory Services	(unset)	Accountancy	Reuse
3	📈 Management Services	Cost accounting, managerial decision-making, budgeting, capital budgeting, and quantitative techniques used for internal management planning and control.	Quantitative Methods for Decision Making	PERT and CPM for Project Decisions	Management Services	ACCOUNTANCY	Accountancy	New
3	📈 Management Services	Cost accounting, managerial decision-making, budgeting, capital budgeting, and quantitative techniques used for internal management planning and control.	Quantitative Methods for Decision Making	Probability and Expected Value for Business Decisions	Management Services	ACCOUNTANCY	Accountancy	New
3	📈 Management Services	Cost accounting, managerial decision-making, budgeting, capital budgeting, and quantitative techniques used for internal management planning and control.	Quantitative Methods for Decision Making	Regression and Correlation for Management Decisions	Management Services	ACCOUNTANCY	Accountancy	New
3	📈 Management Services	Cost accounting, managerial decision-making, budgeting, capital budgeting, and quantitative techniques used for internal management planning and control.	Working Capital Management	Working Capital Management in Financial Management	Financial Management	(unset)	Accountancy	Existing
3	📈 Management Services	Cost accounting, managerial decision-making, budgeting, capital budgeting, and quantitative techniques used for internal management planning and control.	Working Capital Management	Cash Conversion Cycle and Working Capital Policies	Management Services	(unset)	Accountancy	New
3	📈 Management Services	Cost accounting, managerial decision-making, budgeting, capital budgeting, and quantitative techniques used for internal management planning and control.	Working Capital Management	Cash and Marketable Securities Management	Management Services	ACCOUNTANCY	Accountancy	New
3	📈 Management Services	Cost accounting, managerial decision-making, budgeting, capital budgeting, and quantitative techniques used for internal management planning and control.	Working Capital Management	Receivables and Inventory Management	Management Services	ACCOUNTANCY	Accountancy	New
3	📈 Management Services	Cost accounting, managerial decision-making, budgeting, capital budgeting, and quantitative techniques used for internal management planning and control.	Capital Budgeting	Time Value of Money in Accountancy	Financial Management	(unset)	Accountancy	Existing
3	📈 Management Services	Cost accounting, managerial decision-making, budgeting, capital budgeting, and quantitative techniques used for internal management planning and control.	Capital Budgeting	Compound Interest, Liabilities, and Debt Analysis	Financial Management	ACCOUNTANCY	Accountancy	Reuse
3	📈 Management Services	Cost accounting, managerial decision-making, budgeting, capital budgeting, and quantitative techniques used for internal management planning and control.	Capital Budgeting	Capital Rationing and Mutually Exclusive Projects	Management Services	ACCOUNTANCY	Accountancy	New
3	📈 Management Services	Cost accounting, managerial decision-making, budgeting, capital budgeting, and quantitative techniques used for internal management planning and control.	Capital Budgeting	Net Present Value and Internal Rate of Return	Management Services	ACCOUNTANCY	Accountancy	New
3	📈 Management Services	Cost accounting, managerial decision-making, budgeting, capital budgeting, and quantitative techniques used for internal management planning and control.	Capital Budgeting	Payback, Discounted Payback, and Profitability Index	Management Services	ACCOUNTANCY	Accountancy	New
3	📈 Management Services	Cost accounting, managerial decision-making, budgeting, capital budgeting, and quantitative techniques used for internal management planning and control.	Financing, Leverage and Capital Structure	Capital Structure in Financial Management	Financial Management	(unset)	Accountancy	Existing
3	📈 Management Services	Cost accounting, managerial decision-making, budgeting, capital budgeting, and quantitative techniques used for internal management planning and control.	Financing, Leverage and Capital Structure	Dividend Policy in Financial Management	Financial Management	(unset)	Accountancy	Existing
3	📈 Management Services	Cost accounting, managerial decision-making, budgeting, capital budgeting, and quantitative techniques used for internal management planning and control.	Financing, Leverage and Capital Structure	Leverage in Financial Management	Financial Management	(unset)	Accountancy	Existing
3	📈 Management Services	Cost accounting, managerial decision-making, budgeting, capital budgeting, and quantitative techniques used for internal management planning and control.	Financing, Leverage and Capital Structure	Capital Structure Theories and EBIT-EPS Analysis	Management Services	(unset)	Accountancy	New
3	📈 Management Services	Cost accounting, managerial decision-making, budgeting, capital budgeting, and quantitative techniques used for internal management planning and control.	Financing, Leverage and Capital Structure	Dividend Policy Theories and Share Repurchases	Management Services	(unset)	Accountancy	New
3	📈 Management Services	Cost accounting, managerial decision-making, budgeting, capital budgeting, and quantitative techniques used for internal management planning and control.	Financing, Leverage and Capital Structure	Operating, Financial, and Combined Leverage	Management Services	(unset)	Accountancy	New
3	📈 Management Services	Cost accounting, managerial decision-making, budgeting, capital budgeting, and quantitative techniques used for internal management planning and control.	Cost of Capital	Cost of Capital in Financial Management	Financial Management	(unset)	Accountancy	Existing
3	📈 Management Services	Cost accounting, managerial decision-making, budgeting, capital budgeting, and quantitative techniques used for internal management planning and control.	Cost of Capital	Component Costs of Debt, Preferred Shares, and Equity	Management Services	ACCOUNTANCY	Accountancy	New
3	📈 Management Services	Cost accounting, managerial decision-making, budgeting, capital budgeting, and quantitative techniques used for internal management planning and control.	Cost of Capital	Weighted Average Cost of Capital	Management Services	(unset)	Accountancy	New
3	📈 Management Services	Cost accounting, managerial decision-making, budgeting, capital budgeting, and quantitative techniques used for internal management planning and control.	Risk and Return	Risk and Return in Financial Management	Financial Management	(unset)	Accountancy	Existing
3	📈 Management Services	Cost accounting, managerial decision-making, budgeting, capital budgeting, and quantitative techniques used for internal management planning and control.	Risk and Return	Capital Asset Pricing Model	Management Services	ACCOUNTANCY	Accountancy	New
3	📈 Management Services	Cost accounting, managerial decision-making, budgeting, capital budgeting, and quantitative techniques used for internal management planning and control.	Risk and Return	Portfolio Risk, Diversification, and Beta	Management Services	ACCOUNTANCY	Accountancy	New
3	📈 Management Services	Cost accounting, managerial decision-making, budgeting, capital budgeting, and quantitative techniques used for internal management planning and control.	Financial Statement Analysis	Financial Ratios in Financial Management	Financial Management	(unset)	Accountancy	Existing
3	📈 Management Services	Cost accounting, managerial decision-making, budgeting, capital budgeting, and quantitative techniques used for internal management planning and control.	Financial Statement Analysis	DuPont Analysis	Management Services	ACCOUNTANCY	Accountancy	New
3	📈 Management Services	Cost accounting, managerial decision-making, budgeting, capital budgeting, and quantitative techniques used for internal management planning and control.	Financial Statement Analysis	Horizontal, Vertical, and Trend Analysis	Management Services	ACCOUNTANCY	Accountancy	New
3	📈 Management Services	Cost accounting, managerial decision-making, budgeting, capital budgeting, and quantitative techniques used for internal management planning and control.	Financial Statement Analysis	Liquidity, Solvency, Activity, and Profitability Ratios	Management Services	ACCOUNTANCY	Accountancy	New
3	📈 Management Services	Cost accounting, managerial decision-making, budgeting, capital budgeting, and quantitative techniques used for internal management planning and control.	Economics for Management Decisions	Demand, Supply, and Elasticity	Management Services	ACCOUNTANCY	Accountancy	New
3	📈 Management Services	Cost accounting, managerial decision-making, budgeting, capital budgeting, and quantitative techniques used for internal management planning and control.	Economics for Management Decisions	Macroeconomic Indicators and Business Decisions	Management Services	ACCOUNTANCY	Accountancy	New
3	📈 Management Services	Cost accounting, managerial decision-making, budgeting, capital budgeting, and quantitative techniques used for internal management planning and control.	Economics for Management Decisions	Market Structures and Pricing	Management Services	ACCOUNTANCY	Accountancy	New
4	🔍 Auditing	The concepts, standards, and procedures of an independent financial statement audit, from engagement planning and risk assessment through evidence gathering and the auditor's report.	Audit and Assurance Foundations	Types of Audit Opinions and Their Issuance Criteria	Audit Fundamentals	ACCOUNTANCY	Accountancy	Existing
4	🔍 Auditing	The concepts, standards, and procedures of an independent financial statement audit, from engagement planning and risk assessment through evidence gathering and the auditor's report.	Audit and Assurance Foundations	Understanding Audit Risk: Inherent, Control, and Detection Risk	Audit Fundamentals	ACCOUNTANCY	Accountancy	Existing
4	🔍 Auditing	The concepts, standards, and procedures of an independent financial statement audit, from engagement planning and risk assessment through evidence gathering and the auditor's report.	Audit and Assurance Foundations	Audit Evidence and Assurance Engagements	Audit Fundamentals	ACCOUNTANCY	Accountancy	Reuse
4	🔍 Auditing	The concepts, standards, and procedures of an independent financial statement audit, from engagement planning and risk assessment through evidence gathering and the auditor's report.	Audit and Assurance Foundations	Internal Control Systems and Audit Procedures	Audit Fundamentals	ACCOUNTANCY	Accountancy	Reuse
4	🔍 Auditing	The concepts, standards, and procedures of an independent financial statement audit, from engagement planning and risk assessment through evidence gathering and the auditor's report.	Audit and Assurance Foundations	Professional Skepticism in Auditing: Concept and Application	Audit Fundamentals	ACCOUNTANCY	Accountancy	Reuse
4	🔍 Auditing	The concepts, standards, and procedures of an independent financial statement audit, from engagement planning and risk assessment through evidence gathering and the auditor's report.	Audit and Assurance Foundations	Management and Auditor Responsibilities in a Financial Statement Audit	Auditing	ACCOUNTANCY	Accountancy	New
4	🔍 Auditing	The concepts, standards, and procedures of an independent financial statement audit, from engagement planning and risk assessment through evidence gathering and the auditor's report.	Audit and Assurance Foundations	Nature, Objectives, and Types of Assurance Engagements	Auditing	ACCOUNTANCY	Accountancy	New
4	🔍 Auditing	The concepts, standards, and procedures of an independent financial statement audit, from engagement planning and risk assessment through evidence gathering and the auditor's report.	Audit and Assurance Foundations	Professional Judgment and Professional Skepticism	Auditing	ACCOUNTANCY	Accountancy	New
4	🔍 Auditing	The concepts, standards, and procedures of an independent financial statement audit, from engagement planning and risk assessment through evidence gathering and the auditor's report.	Ethics, Governance and Quality Management	Auditor Independence and Threats and Safeguards	Auditing	ACCOUNTANCY	Accountancy	New
4	🔍 Auditing	The concepts, standards, and procedures of an independent financial statement audit, from engagement planning and risk assessment through evidence gathering and the auditor's report.	Ethics, Governance and Quality Management	Code of Ethics for Professional Accountants: Fundamental Principles	Auditing	ACCOUNTANCY	Accountancy	New
4	🔍 Auditing	The concepts, standards, and procedures of an independent financial statement audit, from engagement planning and risk assessment through evidence gathering and the auditor's report.	Ethics, Governance and Quality Management	Corporate Governance and the External Auditor	Auditing	ACCOUNTANCY	Accountancy	New
4	🔍 Auditing	The concepts, standards, and procedures of an independent financial statement audit, from engagement planning and risk assessment through evidence gathering and the auditor's report.	Ethics, Governance and Quality Management	Quality Management for Firms and Engagements	Auditing	ACCOUNTANCY	Accountancy	New
4	🔍 Auditing	The concepts, standards, and procedures of an independent financial statement audit, from engagement planning and risk assessment through evidence gathering and the auditor's report.	Client Acceptance and Audit Planning	Audit Planning and Risk Assessment	Audit Procedures	ACCOUNTANCY	Accountancy	Existing
4	🔍 Auditing	The concepts, standards, and procedures of an independent financial statement audit, from engagement planning and risk assessment through evidence gathering and the auditor's report.	Client Acceptance and Audit Planning	Overall Audit Strategy and Detailed Audit Plan	Auditing	ACCOUNTANCY	Accountancy	New
4	🔍 Auditing	The concepts, standards, and procedures of an independent financial statement audit, from engagement planning and risk assessment through evidence gathering and the auditor's report.	Client Acceptance and Audit Planning	Preconditions for an Audit and Engagement Terms	Auditing	ACCOUNTANCY	Accountancy	New
4	🔍 Auditing	The concepts, standards, and procedures of an independent financial statement audit, from engagement planning and risk assessment through evidence gathering and the auditor's report.	Risk Assessment and Materiality	Audit Assertions in Financial Statement Auditing	Auditing	ACCOUNTANCY	Accountancy	Existing
4	🔍 Auditing	The concepts, standards, and procedures of an independent financial statement audit, from engagement planning and risk assessment through evidence gathering and the auditor's report.	Risk Assessment and Materiality	Internal Controls and Audit Risk	Auditing	ACCOUNTANCY	Accountancy	Existing
4	🔍 Auditing	The concepts, standards, and procedures of an independent financial statement audit, from engagement planning and risk assessment through evidence gathering and the auditor's report.	Risk Assessment and Materiality	Risk Assessment Components in Internal Controls	Internal Controls	ACCOUNTANCY	Accountancy	Reuse
4	🔍 Auditing	The concepts, standards, and procedures of an independent financial statement audit, from engagement planning and risk assessment through evidence gathering and the auditor's report.	Risk Assessment and Materiality	Fraud Risk and Auditor Responsibilities	Auditing	ACCOUNTANCY	Accountancy	New
4	🔍 Auditing	The concepts, standards, and procedures of an independent financial statement audit, from engagement planning and risk assessment through evidence gathering and the auditor's report.	Risk Assessment and Materiality	Materiality and Performance Materiality	Auditing	ACCOUNTANCY	Accountancy	New
4	🔍 Auditing	The concepts, standards, and procedures of an independent financial statement audit, from engagement planning and risk assessment through evidence gathering and the auditor's report.	Risk Assessment and Materiality	Risk Assessment Procedures and Significant Risks	Auditing	ACCOUNTANCY	Accountancy	New
4	🔍 Auditing	The concepts, standards, and procedures of an independent financial statement audit, from engagement planning and risk assessment through evidence gathering and the auditor's report.	Internal Control	Compliance Testing Procedures in Auditing	Audit Procedures	ACCOUNTANCY	Accountancy	Reuse
4	🔍 Auditing	The concepts, standards, and procedures of an independent financial statement audit, from engagement planning and risk assessment through evidence gathering and the auditor's report.	Internal Control	Control Environment in Internal Controls	Internal Controls	ACCOUNTANCY	Accountancy	Reuse
4	🔍 Auditing	The concepts, standards, and procedures of an independent financial statement audit, from engagement planning and risk assessment through evidence gathering and the auditor's report.	Internal Control	Segregation of Duties in Internal Controls	Internal Controls	ACCOUNTANCY	Accountancy	Reuse
4	🔍 Auditing	The concepts, standards, and procedures of an independent financial statement audit, from engagement planning and risk assessment through evidence gathering and the auditor's report.	Internal Control	Tests of Controls and Control Deficiencies	Auditing	ACCOUNTANCY	Accountancy	New
4	🔍 Auditing	The concepts, standards, and procedures of an independent financial statement audit, from engagement planning and risk assessment through evidence gathering and the auditor's report.	Internal Control	Understanding and Evaluating Internal Control	Auditing	ACCOUNTANCY	Accountancy	New
4	🔍 Auditing	The concepts, standards, and procedures of an independent financial statement audit, from engagement planning and risk assessment through evidence gathering and the auditor's report.	Audit Evidence and Sampling	Audit Documentation and Working Papers	Audit Procedures	ACCOUNTANCY	Accountancy	Existing
4	🔍 Auditing	The concepts, standards, and procedures of an independent financial statement audit, from engagement planning and risk assessment through evidence gathering and the auditor's report.	Audit Evidence and Sampling	Audit Evidence Techniques	Audit Evidence	ACCOUNTANCY	Accountancy	Existing
4	🔍 Auditing	The concepts, standards, and procedures of an independent financial statement audit, from engagement planning and risk assessment through evidence gathering and the auditor's report.	Audit Evidence and Sampling	Sampling Techniques in Auditing	Audit Procedures	ACCOUNTANCY	Accountancy	Existing
4	🔍 Auditing	The concepts, standards, and procedures of an independent financial statement audit, from engagement planning and risk assessment through evidence gathering and the auditor's report.	Audit Evidence and Sampling	Reliability of Audit Evidence in Financial Auditing	Audit Evidence	ACCOUNTANCY	Accountancy	Reuse
4	🔍 Auditing	The concepts, standards, and procedures of an independent financial statement audit, from engagement planning and risk assessment through evidence gathering and the auditor's report.	Audit Evidence and Sampling	Analytical Procedures	Auditing	ACCOUNTANCY	Accountancy	New
4	🔍 Auditing	The concepts, standards, and procedures of an independent financial statement audit, from engagement planning and risk assessment through evidence gathering and the auditor's report.	Audit Evidence and Sampling	Audit Sampling: Statistical and Nonstatistical Approaches	Auditing	ACCOUNTANCY	Accountancy	New
4	🔍 Auditing	The concepts, standards, and procedures of an independent financial statement audit, from engagement planning and risk assessment through evidence gathering and the auditor's report.	Audit Evidence and Sampling	Audit of Accounting Estimates and Fair Values	Auditing	ACCOUNTANCY	Accountancy	New
4	🔍 Auditing	The concepts, standards, and procedures of an independent financial statement audit, from engagement planning and risk assessment through evidence gathering and the auditor's report.	Audit Evidence and Sampling	External Confirmations	Auditing	ACCOUNTANCY	Accountancy	New
4	🔍 Auditing	The concepts, standards, and procedures of an independent financial statement audit, from engagement planning and risk assessment through evidence gathering and the auditor's report.	Audit Procedures by Transaction Cycle	Substantive Testing Procedures in Auditing	Audit Procedures	ACCOUNTANCY	Accountancy	Existing
4	🔍 Auditing	The concepts, standards, and procedures of an independent financial statement audit, from engagement planning and risk assessment through evidence gathering and the auditor's report.	Audit Procedures by Transaction Cycle	Audit of Cash and Bank Balances	Auditing	ACCOUNTANCY	Accountancy	New
4	🔍 Auditing	The concepts, standards, and procedures of an independent financial statement audit, from engagement planning and risk assessment through evidence gathering and the auditor's report.	Audit Procedures by Transaction Cycle	Audit of Investments, Equity, and Financing	Auditing	ACCOUNTANCY	Accountancy	New
4	🔍 Auditing	The concepts, standards, and procedures of an independent financial statement audit, from engagement planning and risk assessment through evidence gathering and the auditor's report.	Audit Procedures by Transaction Cycle	Audit of Payroll and Personnel	Auditing	ACCOUNTANCY	Accountancy	New
4	🔍 Auditing	The concepts, standards, and procedures of an independent financial statement audit, from engagement planning and risk assessment through evidence gathering and the auditor's report.	Audit Procedures by Transaction Cycle	Audit of Property, Plant and Equipment	Auditing	ACCOUNTANCY	Accountancy	New
4	🔍 Auditing	The concepts, standards, and procedures of an independent financial statement audit, from engagement planning and risk assessment through evidence gathering and the auditor's report.	Audit Procedures by Transaction Cycle	Audit of Purchases, Payables, and Inventory	Auditing	ACCOUNTANCY	Accountancy	New
4	🔍 Auditing	The concepts, standards, and procedures of an independent financial statement audit, from engagement planning and risk assessment through evidence gathering and the auditor's report.	Audit Procedures by Transaction Cycle	Audit of Revenue and Receivables	Auditing	ACCOUNTANCY	Accountancy	New
4	🔍 Auditing	The concepts, standards, and procedures of an independent financial statement audit, from engagement planning and risk assessment through evidence gathering and the auditor's report.	Completion Procedures	Going Concern Assessment in Accounting	Special Areas	ACCOUNTANCY	Accountancy	Existing
4	🔍 Auditing	The concepts, standards, and procedures of an independent financial statement audit, from engagement planning and risk assessment through evidence gathering and the auditor's report.	Completion Procedures	Subsequent Events in Financial Reporting	Special Areas	ACCOUNTANCY	Accountancy	Existing
4	🔍 Auditing	The concepts, standards, and procedures of an independent financial statement audit, from engagement planning and risk assessment through evidence gathering and the auditor's report.	Completion Procedures	Final Analytical Procedures and Overall Review	Auditing	ACCOUNTANCY	Accountancy	New
4	🔍 Auditing	The concepts, standards, and procedures of an independent financial statement audit, from engagement planning and risk assessment through evidence gathering and the auditor's report.	Completion Procedures	Related Parties in an Audit	Auditing	ACCOUNTANCY	Accountancy	New
4	🔍 Auditing	The concepts, standards, and procedures of an independent financial statement audit, from engagement planning and risk assessment through evidence gathering and the auditor's report.	Completion Procedures	Written Representations	Auditing	ACCOUNTANCY	Accountancy	New
4	🔍 Auditing	The concepts, standards, and procedures of an independent financial statement audit, from engagement planning and risk assessment through evidence gathering and the auditor's report.	Audit Communication and Reporting	Adverse Opinion in Audit Reports	Audit Reports	ACCOUNTANCY	Accountancy	Reuse
4	🔍 Auditing	The concepts, standards, and procedures of an independent financial statement audit, from engagement planning and risk assessment through evidence gathering and the auditor's report.	Audit Communication and Reporting	Audit Reports: Disclaimer of Opinion	Audit Reports	ACCOUNTANCY	Accountancy	Reuse
4	🔍 Auditing	The concepts, standards, and procedures of an independent financial statement audit, from engagement planning and risk assessment through evidence gathering and the auditor's report.	Audit Communication and Reporting	Qualified Opinion in Audit Reports	Audit Reports	ACCOUNTANCY	Accountancy	Reuse
4	🔍 Auditing	The concepts, standards, and procedures of an independent financial statement audit, from engagement planning and risk assessment through evidence gathering and the auditor's report.	Audit Communication and Reporting	Unmodified Opinion in Audit Reports	Audit Reports	ACCOUNTANCY	Accountancy	Reuse
4	🔍 Auditing	The concepts, standards, and procedures of an independent financial statement audit, from engagement planning and risk assessment through evidence gathering and the auditor's report.	Audit Communication and Reporting	Communication with Those Charged with Governance	Auditing	ACCOUNTANCY	Accountancy	New
4	🔍 Auditing	The concepts, standards, and procedures of an independent financial statement audit, from engagement planning and risk assessment through evidence gathering and the auditor's report.	Audit Communication and Reporting	Comparative Information and Other Information	Auditing	ACCOUNTANCY	Accountancy	New
4	🔍 Auditing	The concepts, standards, and procedures of an independent financial statement audit, from engagement planning and risk assessment through evidence gathering and the auditor's report.	Audit Communication and Reporting	Emphasis of Matter and Other Matter Paragraphs	Auditing	ACCOUNTANCY	Accountancy	New
4	🔍 Auditing	The concepts, standards, and procedures of an independent financial statement audit, from engagement planning and risk assessment through evidence gathering and the auditor's report.	Audit Communication and Reporting	Key Audit Matters	Auditing	ACCOUNTANCY	Accountancy	New
4	🔍 Auditing	The concepts, standards, and procedures of an independent financial statement audit, from engagement planning and risk assessment through evidence gathering and the auditor's report.	Auditing in a CIS and Technology Environment	Computer-Assisted Audit Techniques and Data Analytics	Auditing	ACCOUNTANCY	Accountancy	New
4	🔍 Auditing	The concepts, standards, and procedures of an independent financial statement audit, from engagement planning and risk assessment through evidence gathering and the auditor's report.	Auditing in a CIS and Technology Environment	Cybersecurity and Technology Risks Relevant to Audit	Auditing	ACCOUNTANCY	Accountancy	New
4	🔍 Auditing	The concepts, standards, and procedures of an independent financial statement audit, from engagement planning and risk assessment through evidence gathering and the auditor's report.	Auditing in a CIS and Technology Environment	IT General Controls and Application Controls	Auditing	ACCOUNTANCY	Accountancy	New
4	🔍 Auditing	The concepts, standards, and procedures of an independent financial statement audit, from engagement planning and risk assessment through evidence gathering and the auditor's report.	Attestation, Review and Related Services	Agreed-Upon Procedures Engagements	Auditing	ACCOUNTANCY	Accountancy	New
4	🔍 Auditing	The concepts, standards, and procedures of an independent financial statement audit, from engagement planning and risk assessment through evidence gathering and the auditor's report.	Attestation, Review and Related Services	Compilation Engagements	Auditing	ACCOUNTANCY	Accountancy	New
4	🔍 Auditing	The concepts, standards, and procedures of an independent financial statement audit, from engagement planning and risk assessment through evidence gathering and the auditor's report.	Attestation, Review and Related Services	Other Assurance and Attestation Engagements	Auditing	ACCOUNTANCY	Accountancy	New
4	🔍 Auditing	The concepts, standards, and procedures of an independent financial statement audit, from engagement planning and risk assessment through evidence gathering and the auditor's report.	Attestation, Review and Related Services	Review Engagements	Auditing	ACCOUNTANCY	Accountancy	New
5	⚖️ Regulatory Framework for Business Transactions	The Philippine legal framework governing obligations and contracts, business organizations (partnerships and corporations), negotiable instruments, sales, credit transactions, and related commercial statutes.	Obligations	Obligations and Contracts in Accountancy's Regulatory Framework	Regulatory Framework & Business Law	PROFESSIONAL_PRACTICE_AND_REGULATION	Accountancy	Existing
5	⚖️ Regulatory Framework for Business Transactions	The Philippine legal framework governing obligations and contracts, business organizations (partnerships and corporations), negotiable instruments, sales, credit transactions, and related commercial statutes.	Obligations	Joint and Solidary Obligations	Regulatory Framework for Business Transactions	PROFESSIONAL_PRACTICE_AND_REGULATION	Accountancy	New
5	⚖️ Regulatory Framework for Business Transactions	The Philippine legal framework governing obligations and contracts, business organizations (partnerships and corporations), negotiable instruments, sales, credit transactions, and related commercial statutes.	Obligations	Nature, Sources, and Kinds of Obligations	Regulatory Framework for Business Transactions	PROFESSIONAL_PRACTICE_AND_REGULATION	Accountancy	New
5	⚖️ Regulatory Framework for Business Transactions	The Philippine legal framework governing obligations and contracts, business organizations (partnerships and corporations), negotiable instruments, sales, credit transactions, and related commercial statutes.	Obligations	Performance, Breach, and Extinguishment of Obligations	Regulatory Framework for Business Transactions	PROFESSIONAL_PRACTICE_AND_REGULATION	Accountancy	New
5	⚖️ Regulatory Framework for Business Transactions	The Philippine legal framework governing obligations and contracts, business organizations (partnerships and corporations), negotiable instruments, sales, credit transactions, and related commercial statutes.	Contracts	Defective Contracts: Rescissible, Voidable, Unenforceable, and Void	Regulatory Framework for Business Transactions	PROFESSIONAL_PRACTICE_AND_REGULATION	Accountancy	New
5	⚖️ Regulatory Framework for Business Transactions	The Philippine legal framework governing obligations and contracts, business organizations (partnerships and corporations), negotiable instruments, sales, credit transactions, and related commercial statutes.	Contracts	Essential Requisites and Stages of Contracts	Regulatory Framework for Business Transactions	PROFESSIONAL_PRACTICE_AND_REGULATION	Accountancy	New
5	⚖️ Regulatory Framework for Business Transactions	The Philippine legal framework governing obligations and contracts, business organizations (partnerships and corporations), negotiable instruments, sales, credit transactions, and related commercial statutes.	Contracts	Interpretation, Reformation, and Rescission of Contracts	Regulatory Framework for Business Transactions	PROFESSIONAL_PRACTICE_AND_REGULATION	Accountancy	New
5	⚖️ Regulatory Framework for Business Transactions	The Philippine legal framework governing obligations and contracts, business organizations (partnerships and corporations), negotiable instruments, sales, credit transactions, and related commercial statutes.	Sales	Sales in Regulatory Framework and Business Law	Regulatory Framework & Business Law	PROFESSIONAL_PRACTICE_AND_REGULATION	Accountancy	Existing
5	⚖️ Regulatory Framework for Business Transactions	The Philippine legal framework governing obligations and contracts, business organizations (partnerships and corporations), negotiable instruments, sales, credit transactions, and related commercial statutes.	Sales	Consumer Sales and Special Sales Transactions	Regulatory Framework for Business Transactions	PROFESSIONAL_PRACTICE_AND_REGULATION	Accountancy	New
5	⚖️ Regulatory Framework for Business Transactions	The Philippine legal framework governing obligations and contracts, business organizations (partnerships and corporations), negotiable instruments, sales, credit transactions, and related commercial statutes.	Sales	Contract of Sale: Formation, Obligations, and Warranties	Regulatory Framework for Business Transactions	PROFESSIONAL_PRACTICE_AND_REGULATION	Accountancy	New
5	⚖️ Regulatory Framework for Business Transactions	The Philippine legal framework governing obligations and contracts, business organizations (partnerships and corporations), negotiable instruments, sales, credit transactions, and related commercial statutes.	Sales	Transfer of Ownership, Risk of Loss, and Remedies in Sales	Regulatory Framework for Business Transactions	PROFESSIONAL_PRACTICE_AND_REGULATION	Accountancy	New
5	⚖️ Regulatory Framework for Business Transactions	The Philippine legal framework governing obligations and contracts, business organizations (partnerships and corporations), negotiable instruments, sales, credit transactions, and related commercial statutes.	Credit Transactions	Credit Transactions in Accountancy: Regulatory Framework and Business Law	Regulatory Framework & Business Law	PROFESSIONAL_PRACTICE_AND_REGULATION	Accountancy	Existing
5	⚖️ Regulatory Framework for Business Transactions	The Philippine legal framework governing obligations and contracts, business organizations (partnerships and corporations), negotiable instruments, sales, credit transactions, and related commercial statutes.	Credit Transactions	Negotiable Instruments in Accountancy and Business Law	Regulatory Framework & Business Law	PROFESSIONAL_PRACTICE_AND_REGULATION	Accountancy	Existing
5	⚖️ Regulatory Framework for Business Transactions	The Philippine legal framework governing obligations and contracts, business organizations (partnerships and corporations), negotiable instruments, sales, credit transactions, and related commercial statutes.	Credit Transactions	Deposit and Guaranty	Regulatory Framework for Business Transactions	PROFESSIONAL_PRACTICE_AND_REGULATION	Accountancy	New
5	⚖️ Regulatory Framework for Business Transactions	The Philippine legal framework governing obligations and contracts, business organizations (partnerships and corporations), negotiable instruments, sales, credit transactions, and related commercial statutes.	Credit Transactions	Loan and Commodatum	Regulatory Framework for Business Transactions	PROFESSIONAL_PRACTICE_AND_REGULATION	Accountancy	New
5	⚖️ Regulatory Framework for Business Transactions	The Philippine legal framework governing obligations and contracts, business organizations (partnerships and corporations), negotiable instruments, sales, credit transactions, and related commercial statutes.	Credit Transactions	Negotiable Instruments: Parties, Negotiation, and Liability	Regulatory Framework for Business Transactions	PROFESSIONAL_PRACTICE_AND_REGULATION	Accountancy	New
5	⚖️ Regulatory Framework for Business Transactions	The Philippine legal framework governing obligations and contracts, business organizations (partnerships and corporations), negotiable instruments, sales, credit transactions, and related commercial statutes.	Credit Transactions	Pledge, Mortgage, and Antichresis	Regulatory Framework for Business Transactions	PROFESSIONAL_PRACTICE_AND_REGULATION	Accountancy	New
5	⚖️ Regulatory Framework for Business Transactions	The Philippine legal framework governing obligations and contracts, business organizations (partnerships and corporations), negotiable instruments, sales, credit transactions, and related commercial statutes.	Credit Transactions	Credit Transactions in Accountancy: Regulatory Framework and Business Law	Regulatory Framework & Business Law	PROFESSIONAL_PRACTICE_AND_REGULATION	Accountancy	Excluded
5	⚖️ Regulatory Framework for Business Transactions	The Philippine legal framework governing obligations and contracts, business organizations (partnerships and corporations), negotiable instruments, sales, credit transactions, and related commercial statutes.	Partnerships	Partnership in Business Law and Accountancy	Regulatory Framework & Business Law	PROFESSIONAL_PRACTICE_AND_REGULATION	Accountancy	Existing
5	⚖️ Regulatory Framework for Business Transactions	The Philippine legal framework governing obligations and contracts, business organizations (partnerships and corporations), negotiable instruments, sales, credit transactions, and related commercial statutes.	Partnerships	Partnership Formation, Relations, Property, and Dissolution	Regulatory Framework for Business Transactions	PROFESSIONAL_PRACTICE_AND_REGULATION	Accountancy	New
5	⚖️ Regulatory Framework for Business Transactions	The Philippine legal framework governing obligations and contracts, business organizations (partnerships and corporations), negotiable instruments, sales, credit transactions, and related commercial statutes.	Corporations and Other Business Organizations	Corporation Code in Philippine Business Law	Regulatory Framework & Business Law	PROFESSIONAL_PRACTICE_AND_REGULATION	Accountancy	Existing
5	⚖️ Regulatory Framework for Business Transactions	The Philippine legal framework governing obligations and contracts, business organizations (partnerships and corporations), negotiable instruments, sales, credit transactions, and related commercial statutes.	Corporations and Other Business Organizations	Board of Directors, Officers, and Corporate Governance	Regulatory Framework for Business Transactions	PROFESSIONAL_PRACTICE_AND_REGULATION	Accountancy	New
5	⚖️ Regulatory Framework for Business Transactions	The Philippine legal framework governing obligations and contracts, business organizations (partnerships and corporations), negotiable instruments, sales, credit transactions, and related commercial statutes.	Corporations and Other Business Organizations	Cooperatives and Other Business Organizations	Regulatory Framework for Business Transactions	PROFESSIONAL_PRACTICE_AND_REGULATION	Accountancy	New
5	⚖️ Regulatory Framework for Business Transactions	The Philippine legal framework governing obligations and contracts, business organizations (partnerships and corporations), negotiable instruments, sales, credit transactions, and related commercial statutes.	Corporations and Other Business Organizations	Corporate Reorganization, Merger, and Dissolution	Regulatory Framework for Business Transactions	PROFESSIONAL_PRACTICE_AND_REGULATION	Accountancy	New
5	⚖️ Regulatory Framework for Business Transactions	The Philippine legal framework governing obligations and contracts, business organizations (partnerships and corporations), negotiable instruments, sales, credit transactions, and related commercial statutes.	Corporations and Other Business Organizations	One Person Corporations and Close Corporations	Regulatory Framework for Business Transactions	PROFESSIONAL_PRACTICE_AND_REGULATION	Accountancy	New
5	⚖️ Regulatory Framework for Business Transactions	The Philippine legal framework governing obligations and contracts, business organizations (partnerships and corporations), negotiable instruments, sales, credit transactions, and related commercial statutes.	Corporations and Other Business Organizations	Revised Corporation Code: Formation and Corporate Powers	Regulatory Framework for Business Transactions	PROFESSIONAL_PRACTICE_AND_REGULATION	Accountancy	New
5	⚖️ Regulatory Framework for Business Transactions	The Philippine legal framework governing obligations and contracts, business organizations (partnerships and corporations), negotiable instruments, sales, credit transactions, and related commercial statutes.	Corporations and Other Business Organizations	Stockholders, Shares, Meetings, and Appraisal Rights	Regulatory Framework for Business Transactions	PROFESSIONAL_PRACTICE_AND_REGULATION	Accountancy	New
5	⚖️ Regulatory Framework for Business Transactions	The Philippine legal framework governing obligations and contracts, business organizations (partnerships and corporations), negotiable instruments, sales, credit transactions, and related commercial statutes.	Securities Regulation	Insider Trading, Market Manipulation, and Tender Offers	Regulatory Framework for Business Transactions	PROFESSIONAL_PRACTICE_AND_REGULATION	Accountancy	New
5	⚖️ Regulatory Framework for Business Transactions	The Philippine legal framework governing obligations and contracts, business organizations (partnerships and corporations), negotiable instruments, sales, credit transactions, and related commercial statutes.	Securities Regulation	Securities Regulation Code: Registration and Exempt Transactions	Regulatory Framework for Business Transactions	PROFESSIONAL_PRACTICE_AND_REGULATION	Accountancy	New
5	⚖️ Regulatory Framework for Business Transactions	The Philippine legal framework governing obligations and contracts, business organizations (partnerships and corporations), negotiable instruments, sales, credit transactions, and related commercial statutes.	Banking, Insurance and Financial Regulation	Overview of the Insurance Code	Regulatory Framework & Business Law	PROFESSIONAL_PRACTICE_AND_REGULATION	Accountancy	Existing
5	⚖️ Regulatory Framework for Business Transactions	The Philippine legal framework governing obligations and contracts, business organizations (partnerships and corporations), negotiable instruments, sales, credit transactions, and related commercial statutes.	Banking, Insurance and Financial Regulation	General Banking Law and Bank Secrecy	Regulatory Framework for Business Transactions	PROFESSIONAL_PRACTICE_AND_REGULATION	Accountancy	New
5	⚖️ Regulatory Framework for Business Transactions	The Philippine legal framework governing obligations and contracts, business organizations (partnerships and corporations), negotiable instruments, sales, credit transactions, and related commercial statutes.	Banking, Insurance and Financial Regulation	Insurance Contract Fundamentals and Regulation	Regulatory Framework for Business Transactions	PROFESSIONAL_PRACTICE_AND_REGULATION	Accountancy	New
5	⚖️ Regulatory Framework for Business Transactions	The Philippine legal framework governing obligations and contracts, business organizations (partnerships and corporations), negotiable instruments, sales, credit transactions, and related commercial statutes.	Anti-Money Laundering and Related Compliance	Anti-Money Laundering Act: Covered Persons, Transactions, and Reporting	Regulatory Framework for Business Transactions	PROFESSIONAL_PRACTICE_AND_REGULATION	Accountancy	New
5	⚖️ Regulatory Framework for Business Transactions	The Philippine legal framework governing obligations and contracts, business organizations (partnerships and corporations), negotiable instruments, sales, credit transactions, and related commercial statutes.	Anti-Money Laundering and Related Compliance	Customer Due Diligence, Recordkeeping, and Suspicious Transaction Reporting	Regulatory Framework for Business Transactions	PROFESSIONAL_PRACTICE_AND_REGULATION	Accountancy	New
5	⚖️ Regulatory Framework for Business Transactions	The Philippine legal framework governing obligations and contracts, business organizations (partnerships and corporations), negotiable instruments, sales, credit transactions, and related commercial statutes.	Labor and Social Legislation	Labor Code as a Regulatory Framework in Philippine Business Law	Regulatory Framework & Business Law	PROFESSIONAL_PRACTICE_AND_REGULATION	Accountancy	Existing
5	⚖️ Regulatory Framework for Business Transactions	The Philippine legal framework governing obligations and contracts, business organizations (partnerships and corporations), negotiable instruments, sales, credit transactions, and related commercial statutes.	Labor and Social Legislation	Labor Standards: Wages, Hours, Leaves, and Benefits	Regulatory Framework for Business Transactions	PROFESSIONAL_PRACTICE_AND_REGULATION	Accountancy	New
5	⚖️ Regulatory Framework for Business Transactions	The Philippine legal framework governing obligations and contracts, business organizations (partnerships and corporations), negotiable instruments, sales, credit transactions, and related commercial statutes.	Labor and Social Legislation	SSS, GSIS, PhilHealth, and Pag-IBIG Fundamentals	Regulatory Framework for Business Transactions	PROFESSIONAL_PRACTICE_AND_REGULATION	Accountancy	New
5	⚖️ Regulatory Framework for Business Transactions	The Philippine legal framework governing obligations and contracts, business organizations (partnerships and corporations), negotiable instruments, sales, credit transactions, and related commercial statutes.	Labor and Social Legislation	Termination of Employment and Labor Relations	Regulatory Framework for Business Transactions	PROFESSIONAL_PRACTICE_AND_REGULATION	Accountancy	New
5	⚖️ Regulatory Framework for Business Transactions	The Philippine legal framework governing obligations and contracts, business organizations (partnerships and corporations), negotiable instruments, sales, credit transactions, and related commercial statutes.	Intellectual Property, Data Privacy and Business Regulation	Intellectual Property in Accounting and Business Law	Regulatory Framework & Business Law	PROFESSIONAL_PRACTICE_AND_REGULATION	Accountancy	Existing
5	⚖️ Regulatory Framework for Business Transactions	The Philippine legal framework governing obligations and contracts, business organizations (partnerships and corporations), negotiable instruments, sales, credit transactions, and related commercial statutes.	Intellectual Property, Data Privacy and Business Regulation	Competition Law and Consumer Protection Fundamentals	Regulatory Framework for Business Transactions	PROFESSIONAL_PRACTICE_AND_REGULATION	Accountancy	New
5	⚖️ Regulatory Framework for Business Transactions	The Philippine legal framework governing obligations and contracts, business organizations (partnerships and corporations), negotiable instruments, sales, credit transactions, and related commercial statutes.	Intellectual Property, Data Privacy and Business Regulation	Data Privacy Act: Principles, Rights, and Obligations	Regulatory Framework for Business Transactions	PROFESSIONAL_PRACTICE_AND_REGULATION	Accountancy	New
5	⚖️ Regulatory Framework for Business Transactions	The Philippine legal framework governing obligations and contracts, business organizations (partnerships and corporations), negotiable instruments, sales, credit transactions, and related commercial statutes.	Intellectual Property, Data Privacy and Business Regulation	Ease of Doing Business and Anti-Red Tape Requirements	Regulatory Framework for Business Transactions	PROFESSIONAL_PRACTICE_AND_REGULATION	Accountancy	New
5	⚖️ Regulatory Framework for Business Transactions	The Philippine legal framework governing obligations and contracts, business organizations (partnerships and corporations), negotiable instruments, sales, credit transactions, and related commercial statutes.	Intellectual Property, Data Privacy and Business Regulation	Intellectual Property Rights in Business	Regulatory Framework for Business Transactions	PROFESSIONAL_PRACTICE_AND_REGULATION	Accountancy	New
6	🧾 Taxation	Philippine national internal revenue taxation: income taxation, business taxes (VAT and percentage tax), transfer taxes (estate and donor's tax), and tax remedies and administration.	Principles of Taxation and Tax Administration	Percentage Tax Principles and Application	Basic Taxation	ACCOUNTANCY	Accountancy	Existing
6	🧾 Taxation	Philippine national internal revenue taxation: income taxation, business taxes (VAT and percentage tax), transfer taxes (estate and donor's tax), and tax remedies and administration.	Principles of Taxation and Tax Administration	Philippine Tax Administration: Structure and Functions	Advanced Taxation	ACCOUNTANCY	Accountancy	Existing
6	🧾 Taxation	Philippine national internal revenue taxation: income taxation, business taxes (VAT and percentage tax), transfer taxes (estate and donor's tax), and tax remedies and administration.	Principles of Taxation and Tax Administration	Transfer Pricing in Accountancy	Performance	ACCOUNTANCY	Accountancy	Existing
6	🧾 Taxation	Philippine national internal revenue taxation: income taxation, business taxes (VAT and percentage tax), transfer taxes (estate and donor's tax), and tax remedies and administration.	Principles of Taxation and Tax Administration	Capital Gains Tax	Other Taxes	ACCOUNTANCY	Accountancy	Reuse
6	🧾 Taxation	Philippine national internal revenue taxation: income taxation, business taxes (VAT and percentage tax), transfer taxes (estate and donor's tax), and tax remedies and administration.	Principles of Taxation and Tax Administration	Zero-Rated Transactions in Business Taxation	Business Tax	ACCOUNTANCY	Accountancy	Reuse
6	🧾 Taxation	Philippine national internal revenue taxation: income taxation, business taxes (VAT and percentage tax), transfer taxes (estate and donor's tax), and tax remedies and administration.	Principles of Taxation and Tax Administration	BIR Powers, Taxpayer Registration, and Administrative Requirements	Taxation	ACCOUNTANCY	Accountancy	New
6	🧾 Taxation	Philippine national internal revenue taxation: income taxation, business taxes (VAT and percentage tax), transfer taxes (estate and donor's tax), and tax remedies and administration.	Principles of Taxation and Tax Administration	Constitutional and Inherent Limitations on Taxation	Taxation	ACCOUNTANCY	Accountancy	New
6	🧾 Taxation	Philippine national internal revenue taxation: income taxation, business taxes (VAT and percentage tax), transfer taxes (estate and donor's tax), and tax remedies and administration.	Principles of Taxation and Tax Administration	Sources, Situs, and Classification of Taxes	Taxation	ACCOUNTANCY	Accountancy	New
6	🧾 Taxation	Philippine national internal revenue taxation: income taxation, business taxes (VAT and percentage tax), transfer taxes (estate and donor's tax), and tax remedies and administration.	Tax Remedies	Tax Remedies and Assessments in Advanced Taxation	Advanced Taxation	ACCOUNTANCY	Accountancy	Existing
6	🧾 Taxation	Philippine national internal revenue taxation: income taxation, business taxes (VAT and percentage tax), transfer taxes (estate and donor's tax), and tax remedies and administration.	Tax Remedies	Tax Assessment, Protest, and Administrative Appeal	Taxation	ACCOUNTANCY	Accountancy	New
6	🧾 Taxation	Philippine national internal revenue taxation: income taxation, business taxes (VAT and percentage tax), transfer taxes (estate and donor's tax), and tax remedies and administration.	Tax Remedies	Tax Collection Remedies and Prescriptive Periods	Taxation	ACCOUNTANCY	Accountancy	New
6	🧾 Taxation	Philippine national internal revenue taxation: income taxation, business taxes (VAT and percentage tax), transfer taxes (estate and donor's tax), and tax remedies and administration.	Tax Remedies	Tax Refunds and Tax Credits	Taxation	ACCOUNTANCY	Accountancy	New
6	🧾 Taxation	Philippine national internal revenue taxation: income taxation, business taxes (VAT and percentage tax), transfer taxes (estate and donor's tax), and tax remedies and administration.	Individual Income Tax	Fundamentals of Individual Income Taxation	Basic Taxation	ACCOUNTANCY	Accountancy	Existing
6	🧾 Taxation	Philippine national internal revenue taxation: income taxation, business taxes (VAT and percentage tax), transfer taxes (estate and donor's tax), and tax remedies and administration.	Individual Income Tax	Compensation, Business, Professional, and Passive Income of Individuals	Taxation	ACCOUNTANCY	Accountancy	New
6	🧾 Taxation	Philippine national internal revenue taxation: income taxation, business taxes (VAT and percentage tax), transfer taxes (estate and donor's tax), and tax remedies and administration.	Individual Income Tax	Taxation of Mixed-Income Earners	Taxation	ACCOUNTANCY	Accountancy	New
6	🧾 Taxation	Philippine national internal revenue taxation: income taxation, business taxes (VAT and percentage tax), transfer taxes (estate and donor's tax), and tax remedies and administration.	Individual Income Tax	Taxation of Resident Citizens, Nonresident Citizens, and Aliens	Taxation	ACCOUNTANCY	Accountancy	New
6	🧾 Taxation	Philippine national internal revenue taxation: income taxation, business taxes (VAT and percentage tax), transfer taxes (estate and donor's tax), and tax remedies and administration.	Corporate and Business Income Tax	Deductions from Gross Income under Income Tax Law	Income Tax	ACCOUNTANCY	Accountancy	Reuse
6	🧾 Taxation	Philippine national internal revenue taxation: income taxation, business taxes (VAT and percentage tax), transfer taxes (estate and donor's tax), and tax remedies and administration.	Corporate and Business Income Tax	Distinguishing Gross Income and Taxable Income in Income Tax	Income Tax	ACCOUNTANCY	Accountancy	Reuse
6	🧾 Taxation	Philippine national internal revenue taxation: income taxation, business taxes (VAT and percentage tax), transfer taxes (estate and donor's tax), and tax remedies and administration.	Corporate and Business Income Tax	Itemized Deductions in Income Tax Accounting	Income Tax	ACCOUNTANCY	Accountancy	Reuse
6	🧾 Taxation	Philippine national internal revenue taxation: income taxation, business taxes (VAT and percentage tax), transfer taxes (estate and donor's tax), and tax remedies and administration.	Corporate and Business Income Tax	Optional Standard Deduction (OSD) in Philippine Income Tax	Income Tax	ACCOUNTANCY	Accountancy	Reuse
6	🧾 Taxation	Philippine national internal revenue taxation: income taxation, business taxes (VAT and percentage tax), transfer taxes (estate and donor's tax), and tax remedies and administration.	Corporate and Business Income Tax	Regular Corporate Income Tax and Minimum Corporate Income Tax	Taxation	ACCOUNTANCY	Accountancy	New
6	🧾 Taxation	Philippine national internal revenue taxation: income taxation, business taxes (VAT and percentage tax), transfer taxes (estate and donor's tax), and tax remedies and administration.	Corporate and Business Income Tax	Taxation of Domestic and Foreign Corporations	Taxation	ACCOUNTANCY	Accountancy	New
6	🧾 Taxation	Philippine national internal revenue taxation: income taxation, business taxes (VAT and percentage tax), transfer taxes (estate and donor's tax), and tax remedies and administration.	Corporate and Business Income Tax	Taxation of Partnerships, Estates, and Trusts	Taxation	ACCOUNTANCY	Accountancy	New
6	🧾 Taxation	Philippine national internal revenue taxation: income taxation, business taxes (VAT and percentage tax), transfer taxes (estate and donor's tax), and tax remedies and administration.	Withholding Taxes	Expanded Withholding Tax in Philippine Taxation	Other Taxes	ACCOUNTANCY	Accountancy	Existing
6	🧾 Taxation	Philippine national internal revenue taxation: income taxation, business taxes (VAT and percentage tax), transfer taxes (estate and donor's tax), and tax remedies and administration.	Withholding Taxes	Creditable and Final Withholding Taxes in Philippine Taxation	Basic Taxation	ACCOUNTANCY	Accountancy	Reuse
6	🧾 Taxation	Philippine national internal revenue taxation: income taxation, business taxes (VAT and percentage tax), transfer taxes (estate and donor's tax), and tax remedies and administration.	Withholding Taxes	Fringe Benefits Tax (FBT) in Accountancy	Other Taxes	ACCOUNTANCY	Accountancy	Reuse
6	🧾 Taxation	Philippine national internal revenue taxation: income taxation, business taxes (VAT and percentage tax), transfer taxes (estate and donor's tax), and tax remedies and administration.	Withholding Taxes	Expanded Withholding Tax	Taxation	ACCOUNTANCY	Accountancy	New
6	🧾 Taxation	Philippine national internal revenue taxation: income taxation, business taxes (VAT and percentage tax), transfer taxes (estate and donor's tax), and tax remedies and administration.	Withholding Taxes	Final Withholding Taxes	Taxation	ACCOUNTANCY	Accountancy	New
6	🧾 Taxation	Philippine national internal revenue taxation: income taxation, business taxes (VAT and percentage tax), transfer taxes (estate and donor's tax), and tax remedies and administration.	Withholding Taxes	Withholding Tax on Compensation	Taxation	ACCOUNTANCY	Accountancy	New
6	🧾 Taxation	Philippine national internal revenue taxation: income taxation, business taxes (VAT and percentage tax), transfer taxes (estate and donor's tax), and tax remedies and administration.	Estate Tax	Estate Tax Fundamentals in Advanced Taxation	Advanced Taxation	ACCOUNTANCY	Accountancy	Existing
6	🧾 Taxation	Philippine national internal revenue taxation: income taxation, business taxes (VAT and percentage tax), transfer taxes (estate and donor's tax), and tax remedies and administration.	Estate Tax	Estate Tax Filing, Payment, and Settlement	Taxation	ACCOUNTANCY	Accountancy	New
6	🧾 Taxation	Philippine national internal revenue taxation: income taxation, business taxes (VAT and percentage tax), transfer taxes (estate and donor's tax), and tax remedies and administration.	Estate Tax	Gross Estate, Deductions, and Estate Tax Computation	Taxation	ACCOUNTANCY	Accountancy	New
6	🧾 Taxation	Philippine national internal revenue taxation: income taxation, business taxes (VAT and percentage tax), transfer taxes (estate and donor's tax), and tax remedies and administration.	Donor’s Tax	Donor's Tax Concepts	Advanced Taxation	ACCOUNTANCY	Accountancy	Existing
6	🧾 Taxation	Philippine national internal revenue taxation: income taxation, business taxes (VAT and percentage tax), transfer taxes (estate and donor's tax), and tax remedies and administration.	Donor’s Tax	Donor’s Tax: Taxable Gifts, Exemptions, and Computation	Taxation	ACCOUNTANCY	Accountancy	New
6	🧾 Taxation	Philippine national internal revenue taxation: income taxation, business taxes (VAT and percentage tax), transfer taxes (estate and donor's tax), and tax remedies and administration.	Value-Added Tax	Value Added Tax (VAT) Fundamentals in Accounting	Basic Taxation	ACCOUNTANCY	Accountancy	Existing
6	🧾 Taxation	Philippine national internal revenue taxation: income taxation, business taxes (VAT and percentage tax), transfer taxes (estate and donor's tax), and tax remedies and administration.	Value-Added Tax	Comparative Analysis of Percentage Tax and Value-Added Tax in Business Taxation	Business Tax	ACCOUNTANCY	Accountancy	Reuse
6	🧾 Taxation	Philippine national internal revenue taxation: income taxation, business taxes (VAT and percentage tax), transfer taxes (estate and donor's tax), and tax remedies and administration.	Value-Added Tax	VAT Exempt Transactions in Business Taxation	Business Tax	ACCOUNTANCY	Accountancy	Reuse
6	🧾 Taxation	Philippine national internal revenue taxation: income taxation, business taxes (VAT and percentage tax), transfer taxes (estate and donor's tax), and tax remedies and administration.	Value-Added Tax	VAT Input and Output Tax in Business Taxation	Business Tax	ACCOUNTANCY	Accountancy	Reuse
6	🧾 Taxation	Philippine national internal revenue taxation: income taxation, business taxes (VAT and percentage tax), transfer taxes (estate and donor's tax), and tax remedies and administration.	Value-Added Tax	Input Tax Credits, Allocation, and Refunds	Taxation	ACCOUNTANCY	Accountancy	New
6	🧾 Taxation	Philippine national internal revenue taxation: income taxation, business taxes (VAT and percentage tax), transfer taxes (estate and donor's tax), and tax remedies and administration.	Value-Added Tax	VAT Registration, Tax Base, and Output Tax	Taxation	ACCOUNTANCY	Accountancy	New
6	🧾 Taxation	Philippine national internal revenue taxation: income taxation, business taxes (VAT and percentage tax), transfer taxes (estate and donor's tax), and tax remedies and administration.	Value-Added Tax	VAT on Importation and Special Transactions	Taxation	ACCOUNTANCY	Accountancy	New
6	🧾 Taxation	Philippine national internal revenue taxation: income taxation, business taxes (VAT and percentage tax), transfer taxes (estate and donor's tax), and tax remedies and administration.	Percentage Tax	Percentage Taxes on Non-VAT Businesses and Special Taxpayers	Taxation	ACCOUNTANCY	Accountancy	New
6	🧾 Taxation	Philippine national internal revenue taxation: income taxation, business taxes (VAT and percentage tax), transfer taxes (estate and donor's tax), and tax remedies and administration.	Documentary Stamp Tax	Documentary Stamp Tax Basics in Philippine Taxation	Basic Taxation	ACCOUNTANCY	Accountancy	Existing
6	🧾 Taxation	Philippine national internal revenue taxation: income taxation, business taxes (VAT and percentage tax), transfer taxes (estate and donor's tax), and tax remedies and administration.	Documentary Stamp Tax	Documentary Stamp Tax on Common Taxable Documents	Taxation	ACCOUNTANCY	Accountancy	New
6	🧾 Taxation	Philippine national internal revenue taxation: income taxation, business taxes (VAT and percentage tax), transfer taxes (estate and donor's tax), and tax remedies and administration.	Excise Tax	Excise Tax on Alcohol, Tobacco, Petroleum, Minerals, and Sweetened Beverages	Taxation	ACCOUNTANCY	Accountancy	New
6	🧾 Taxation	Philippine national internal revenue taxation: income taxation, business taxes (VAT and percentage tax), transfer taxes (estate and donor's tax), and tax remedies and administration.	Local and Real Property Taxation	Local Business Tax in the Philippines	Other Taxes	ACCOUNTANCY	Accountancy	Reuse
6	🧾 Taxation	Philippine national internal revenue taxation: income taxation, business taxes (VAT and percentage tax), transfer taxes (estate and donor's tax), and tax remedies and administration.	Local and Real Property Taxation	Local Government Taxing Powers and Local Business Taxes	Taxation	ACCOUNTANCY	Accountancy	New
6	🧾 Taxation	Philippine national internal revenue taxation: income taxation, business taxes (VAT and percentage tax), transfer taxes (estate and donor's tax), and tax remedies and administration.	Local and Real Property Taxation	Real Property Tax: Assessment, Levy, and Remedies	Taxation	ACCOUNTANCY	Accountancy	New
6	🧾 Taxation	Philippine national internal revenue taxation: income taxation, business taxes (VAT and percentage tax), transfer taxes (estate and donor's tax), and tax remedies and administration.	Tax Incentives and Preferential Taxation	CREATE and CREATE MORE Tax Incentives	Taxation	ACCOUNTANCY	Accountancy	New
6	🧾 Taxation	Philippine national internal revenue taxation: income taxation, business taxes (VAT and percentage tax), transfer taxes (estate and donor's tax), and tax remedies and administration.	Tax Incentives and Preferential Taxation	Taxation of Registered Business Enterprises	Taxation	ACCOUNTANCY	Accountancy	New
6	🧾 Taxation	Philippine national internal revenue taxation: income taxation, business taxes (VAT and percentage tax), transfer taxes (estate and donor's tax), and tax remedies and administration.	International Taxation and Tax Treaties	International Taxation	Other Taxes	ACCOUNTANCY	Accountancy	Existing
6	🧾 Taxation	Philippine national internal revenue taxation: income taxation, business taxes (VAT and percentage tax), transfer taxes (estate and donor's tax), and tax remedies and administration.	International Taxation and Tax Treaties	Residence, Source, and Double Taxation	Taxation	ACCOUNTANCY	Accountancy	New
6	🧾 Taxation	Philippine national internal revenue taxation: income taxation, business taxes (VAT and percentage tax), transfer taxes (estate and donor's tax), and tax remedies and administration.	International Taxation and Tax Treaties	Tax Treaty Relief and Preferential Treaty Rates	Taxation	ACCOUNTANCY	Accountancy	New
6	🧾 Taxation	Philippine national internal revenue taxation: income taxation, business taxes (VAT and percentage tax), transfer taxes (estate and donor's tax), and tax remedies and administration.	International Taxation and Tax Treaties	Transfer Pricing and Related-Party Transactions	Taxation	ACCOUNTANCY	Accountancy	New
6	🧾 Taxation	Philippine national internal revenue taxation: income taxation, business taxes (VAT and percentage tax), transfer taxes (estate and donor's tax), and tax remedies and administration.	Tax Compliance and Planning	Business Tax Compliance Requirements in Advanced Taxation	Advanced Taxation	ACCOUNTANCY	Accountancy	Reuse
6	🧾 Taxation	Philippine national internal revenue taxation: income taxation, business taxes (VAT and percentage tax), transfer taxes (estate and donor's tax), and tax remedies and administration.	Tax Compliance and Planning	Tax Planning versus Tax Avoidance and Tax Evasion	Taxation	ACCOUNTANCY	Accountancy	New
6	🧾 Taxation	Philippine national internal revenue taxation: income taxation, business taxes (VAT and percentage tax), transfer taxes (estate and donor's tax), and tax remedies and administration.	Tax Compliance and Planning	Tax Returns, Payment, Recordkeeping, and Electronic Filing	Taxation	ACCOUNTANCY	Accountancy	New
